id,location,spot_id
1,Newquay - Fistral North,1
2,Porthtowan,2
3,Gwithian,3
4,Sennen,4
5,Constantine,5
6,Bude - Crooklets,6
7,Croyde Beach,7
8,Praa Sands,8
9,Whitsand Bay,9
10,Bantham,10
11,Kimmeridge,11
12,Bournemouth,12
13,Isle of Wight - Compton ,13
14,East Wittering,14
15,Brighton - West Pier,15
16,Birling Gap,16
17,Joss Bay,18
18,Lowestoft,19
19,Cromer,20
20,Withernsea,21
21,Scarborough - South Bay,22
22,Whitby,23
23,Saltburn Beach,24
24,Sunderland,25
25,Tynemouth - Longsands,26
26,Hells Mouth (Porth Neigwl),27
27,Pease Bay,28
28,Porthcawl - Coney Beach,29
29,Aberavon,30
30,Langland Bay,31
31,Llangennith,32
32,Tenby South Beach,33
33,Freshwater West,34
34,Newgale,35
35,Barmouth,36
36,Anglesey (Ynys Môn),37
37,St Andrews East,38
38,Lunan Bay,39
39,Stonehaven ,40
40,Aberdeen - Beach,41
41,Peterhead (Sandford Bay) ,42
42,Fraserburgh,43
43,Banff - Beach,44
44,Lossiemouth,45
45,Sinclairs Bay - Beach,46
46,Thurso East,47
47,Islay (Machir Bay),48
48,Isle of Lewis,49
49,Bundoran - The Peak,50
50,Strandhill,51
51,Lahinch - Beach,52
52,Inch Reefs,53
53,Long Strand (Castlefreke),54
54,Tramore - Strand,55
55,Portrush,56
56,Naples,57
57,Venice Beach,58
58,North Malin,59
59,Clearwater,60
60,Hossegor (La Graviere),61
61,Biarritz Grande Plage,62
62,Mimizan-Plage,63
63,Vieux Boucau,64
64,Biscarrosse-Plage,65
65,Lacanau,66
66,Soulac,67
67,Chassiron,68
68,L'Aubraie,69
69,Les Donnants,70
70,Guidel (Les Kaolins),71
71,La Torche ,72
72,Baie des Trépassés (Lescoff),73
73,Blancs-Sablons,74
74,Lampaul Ploudalmezeau,75
75,Le Dossen ,76
76,Trestraou,77
77,Plage du Sillon (St Malo),78
78,Le Rozel,79
79,Etretat,80
80,Cape Town,81
81,Sutton on Sea,82
82,Skegness,83
83,Borth / Ynyslas ,84
84,Machrihanish,85
85,Treasure Island,86
86,Durban,87
87,Jeffreys Bay (J-Bay),88
88,Port Elizabeth,89
89,Piha,90
90,Raglan,91
91,Whangamata,92
92,Mount Maunganui,93
93,Durness (Balnakeil Bay),94
94,Coldingham Bay,95
95,Skail Bay Right,96
96,Birsay Bay,97
97,Eoropie,98
98,Filey,99
99,Fisk Helliar,100
100,Bu Sands,101
101,Mangersta,102
102,Scarasta,103
103,New Plymouth,104
104,Stent Road,105
105,Opunake,106
106,Lyall Bay,107
107,Ohope Beach,108
108,Papamoa Beach,109
109,Gizzy Pipe (Gisborne),110
110,Rolling Stones (Mahia Peninsula),111
111,Diners Beach,112
112,Mangamaunu,113
113,New Brighton Beach,114
114,St Clair (Dunedin),115
115,Greymouth,116
116,Westport,117
117,90 Mile Beach,118
118,Port Bharrapol (Tiree),119
119,Jersey,120
120,El Palmar,121
121,Forestry,122
122,Owaka Area,123
123,Papatowai,124
124,Riverton Rocks,125
125,Pors Ar Villec (Locquirec),126
126,Praia da Rocha,127
127,Sagres (Tonel),128
128,Sines,129
129,Carrapateira,130
130,Taghazout,131
131,Napier,132
132,Cotillo,133
133,Majanicho,134
134,Falmouth,135
135,Whitesands Bay,136
136,Lyme Regis,137
137,Santander (El Sardinero),138
138,Teignmouth,139
139,Waddeneilanden,140
140,Oostende,141
141,Surfers Paradise,142
142,Domburg,143
143,Slufter,144
144,Scheveningen Nord,145
145,Zandvoort to Katwijk,146
146,Bergen Aan Zee,147
147,Norderney,155
148,Borkum,156
149,St Peter Ording,157
150,Sylt,158
151,Hvide Sande,159
152,Nørre Vorupør,160
153,Klitmøller,161
154,Mavericks (Half Moon Bay),162
155,Steamer Lane,163
156,Exmouth,164
157,Sidmouth (Lyme Bay),165
158,Perranporth (Droskyn),166
159,Vazon Bay - Beach - Guernsey,167
160,Meñakoz,168
161,Mundaka,169
162,Orrua,170
163,Zurriola,171
164,Playa de Meron,172
165,Los Locos,173
166,Playa de Somo,174
167,El Brusco,175
168,Tapia de Casariego,176
169,Salinas y Espartal,177
170,Rodiles,178
171,Patos,179
172,Playa de Traba,180
173,Campelo,181
174,Foz,182
175,Barbate,183
176,Cadiz,184
177,Los Caños,186
178,Afife,187
179,Viana do Castelo,188
180,Aguçadoura,189
181,Leça,190
182,Espinho,191
183,Praia de Mira,192
184,Cabedelo,193
185,Nazaré,194
186,Lagide,195
187,Supertubos,196
188,Ericeira,198
189,Praia do Guincho,199
190,Lisbon/Estoril,200
191,Malhão,202
192,Playa de Janubio,204
193,Playa de La Canteria,205
194,Jameos del Agua,206
195,La Santa,207
196,Ghost Town,208
197,Playa de Famara,209
198,Playa de la Pared,210
199,Las Salinas,211
200,East Coast,212
201,Bristol,213
202,Bajo del Medio,214
203,Vagabundo,215
204,Arguineguin,216
205,Los Enanos,217
206,La Cicer,218
207,El Confital,219
208,La Izquierda del Muelle,220
209,Derecha del Faro,221
210,La Fitenia,222
211,La Izquierda / Spanish Left,223
212,Punta Blanca - K16,224
213,Playa del Socorro,225
214,Los dos Hermanos,226
215,Eland's bay,227
216,Stillbay,228
217,Victoria Bay,229
218,Buffels Bay,230
219,Coffee Bay,231
220,Mzimpuni,232
221,Briech,244
222,Mehdya Plage,245
223,Rabat,246
224,Oued Cherrat,247
225,Dar Bouazza,248
226,Jack Beach,249
227,El Oualidia,250
228,Safi,251
229,Boilers,252
230,Agadir,254
231,Ocean Beach,255
232,Davenport Landing,256
233,Four Mile,257
234,Manresa Beach,258
235,Moss Landing,259
236,Andrew Molera State Park,260
237,Cambria,261
238,Morro Bay,262
239,Saint Annes,263
240,Oceano/Pismo,264
241,Jalama Beach County Park,265
242,The Ranch - Cojo Reef,266
243,Beavers/Hazards,267
244,Sands Beach,268
245,Campus Point,269
246,Leadbetter Beach,270
247,Hammonds Reef,271
248,Rincon Point,272
249,Hobson County Park,273
250,Pitas Point/Faria County Park,274
251,California Street (C Street),275
252,Silver Strand,276
253,County Line/Yerba Buena Beach,277
254,Secos,278
255,Malibu - First Point,279
256,Santa Monica Municipal Pier,280
257, Manhattan Beach ,281
258,Haggertys,282
259,Lunada Bay,283
260,Cabrillo Point,284
261,Seal Beach Pier,285
262,Huntington Pier,286
263,The Wedge,287
264,Morro Beach,288
265,Salt Creek,289
266,San Clemente Pier,290
267,Trestles,291
268,Carlsbad,292
269,Swamis,293
270,Solana Beach,294
271,Torrey Pines/Blacks Beach,295
272,Scripps Pier/La Jolla,296
273,Mission Beach (San Diego),297
274,South Beach,298
275,Klamath River,299
276,Patricks Point,300
277,Moonstone beach,301
278,Eureka,302
279,Virgin Creek,303
280,Point Arena,304
281,Secrets,305
282,Salmon Creek,306
283,Marin County,307
284,La Push,308
285,Westport,310
286,Long Beach,311
287,Cannon Beach,313
288,Smugglers Cove,314
289,Cape Lookout,315
290,Lincoln City,316
291,Otter Rock,317
292,Newport,318
293,Winchester Bay,319
294,Coos Bay,320
295,Gold Beach,321
296,Brookings,322
297,Vancouver Island South (Jordan River),323
298,Vancouver Island North (Long Beach),324
299,Punta Blanca,325
300,Playa Elefante,326
301,Punta Negra,327
302,Cerritos,328
303,Costa Azul,329
304,Hammerhead,330
305,Las Islitas,331
306,Punta Sayulita,332
307,Pascuales,333
308,Rio Nexpa,334
309,Petacalco,335
310,The Ranch,336
311,Las Gatas,337
312,Playa Boca Chica,338
313,Acapulco,339
314,Puerto Escondido,340
315,La Bocana,341
316,Lawrencetown,342
317,Western Head,343
318,Main Beach,344
319,Jacksonville Beach,345
320,St. Augustine,346
321,Flagler Pier,347
322,Ponce Inlet (New Smyrna),348
323,Playa Linda,349
324,Cocoa Beach,350
325,Melbourne Beach,351
326,Sebastian Inlet,352
327,Stuart Beach,353
328,Jupiter Inlet,354
329,Reef Road,355
330,Palm Beach,356
331,Deerfield Beach,357
332,Haulover,358
333,South Beach,359
334,Octagon,360
335,Bob Hall Pier,361
336,Higgins Beach,362
337,Fortunes Rocks,363
338,Kennebunk Beach,364
339,Ogunquit River,365
340,Short Sands,366
341,Long Sands,367
342,Rye Rocks,368
343,The Wall,369
344,Cape Ann,370
345,Nantasket Beach,371
346,Scituate,372
347,Cape Cod,373
348,Ruggles,374
349,Monahan's Dock,375
350,Lighthouse (Point Judith),376
351,Matunuck,377
352,North Bar,378
353,Fortress,379
354,Fire Island,380
355,Robert Moses State Park,381
356,Lido Beach,382
357,Long Beach,383
358,Rockaway,384
359,The Cove,385
360,Manasquan,386
361,Casino Pier,387
362,Surf City,388
363,Holyoke,389
364,States Avenue,390
365,"Ocean City, NJ",391
366,Wildwood,392
367,Stockton,393
368,Indian River,394
369,"Ocean City, MD",395
370,Virginia Beach,396
371,Kill Devil Hills,397
372,S Turns,398
373,Cape Hatteras,399
374,Bogue Pier,400
375,Topsail Island,401
376,Crystal Pier,402
377,Pelican Watch,403
378,Dunes Cove,404
379,Garden City Pier,405
380,The Washout,406
381,Hunting Island,407
382,Comfort Inn/Jekyll Island,408
383,La Bahia (Guayas),409
384,Montañita,410
385,Murcielago (Manta),411
386,Máncora,412
387,Cabo Blanco,413
388,Negritos,414
389,Puerto Eten,415
390,Chicama,416
391,Punta Huanchaco,417
392,El Silencio,418
393,Pico Alto,419
394,Santa Rosa,420
395,Playa Cavancha (Iquique),421
396,El Tojo Viejo (Arica),422
397,Ritoque,423
398,Cartagena,424
399,La Boquilla,425
400,Matanzas,426
401,Pichilemu,427
402,Punta de Lobos,428
403,Joaquina,429
404,Guarda do Embau,430
405,Garopaba,431
406,Rosa,432
407,Pitangueiras,433
408,Maresias,434
409,Gaibu,435
410,Maracaipe,436
411,Cacimba do Padre,437
412,Boldró,438
413,Punta Roca,439
414,El Sunzal,440
415,Los Cobanos,441
416,Ollies Point (Potrero Grande),442
417,Witches Rock (Playa Naranjo),443
418,Tamarindo,444
419,Nosara,445
420,Pavones,446
421,Pan Dulce,447
422,Santa Catalina - La Punta,448
423,Emily's (Morro Negrito),449
424,Little Malibu (Rincon),450
425,Crash Boat,451
426,Dunes (Puerto Rico),452
427,Le Moule,453
428,Petit Havre,454
429,Port Louis (Grande Terre),455
430,Soup Bowl,456
431,South Point - Barbados,457
432,Sandy Lane,458
433,Duppies,459
434,Tilapa,460
435,Sipacate,461
436,Puerto San José,462
437,Pochomil,463
438,Manzanillo,464
439,Playa Maderas,465
440,Playa Carmen,466
441,Roca Loca,467
442,Playa Bonita,468
443,Salsa Brava,469
444,Silverbacks,470
445,Punta Palmar (San Carlos),471
446,Panamá La Vieja (Panama City),472
447,Indicas,473
448,Egg Island,474
449,Surfers Beach,475
450,Puerto Plata,476
451,La Bahia,477
452,Encuentro,478
453,La Preciosa,479
454,Cane Garden Bay,480
455,Josiah's Bay,481
456,Loblolly Bay,482
457,Wilderness,483
458,Cupecoy,484
459,The Ledge,485
460,Anse Couleuvre,486
461,Grand Riviere,487
462,Plage des Surfeurs,488
463,Playa Parguito,489
464,Playa Copey,490
465,Estero del Plátano,491
466,Mompiche,492
467,Canoa,493
468,La Islilla (Piura),494
469,Nonura,495
470,La Herradura (Lima),496
471,Hornitos,497
472,Peñarol,498
473,La Puntilla (Antofagasta),499
474,La Popular,500
475,Miramar,501
476,Pepino,502
477,Ponta Negra,503
478,Geriba ,504
479,Tiririca,505
480,Norte,506
481,Baduska,507
482,Boca do Poço,508
483,Tabinha,509
484,Icarai,510
485,Fortaleza,511
486,Jakes,512
487,Bowes River,513
488,Drummonds,514
489,Geraldton,515
490,Three Bears,516
491,Injidup,517
492,Margaret River,518
493,Witzig's (Point Sinclair),519
494,Johanna,520
495,Apollo Bay,521
496,Lorne,522
497,Anglesea,523
498,Bells Beach,524
499,Torquay,525
500,Sydney (Manly),526
501,Miami,527
502,Kirra,528
503,Trigg Point,529
504,Strickland Bay,530
505,Chinamans,531
506,Seaford,532
507,Middleton Point,533
508,Cape Kersaint,534
509,Gunnamatta,535
510,Phillip Island,536
511,Shipstern Bluff,537
512,Cloudy Bay,538
513,Clifton Beach,539
514,Cabarita,540
515,Byron Bay,541
516,Lennox Head,542
517,Double Island Point,543
518,Tea Tree (Noosa),544
519,Coolum Beach,545
520,The Bluff,546
521,Happys (Caloundra),547
522,Satellite Beach,548
523,Waimea Bay,549
524,Gorleston,550
525,South Padre Island,551
526,Hoddevika,552
527,Brusand,553
528,Sele,554
529,Point Perfect (Orre),555
530,Saltstein,556
531,Al Ashkharah,557
532,Salalah,558
533,Seal Rocks,559
534,Cape Kiwanda,560
535,North Jetty (Hikkaduwa),561
536,Arugam Bay,562
537,G-Land,563
538,Nusa Dua,564
539,Uluwatu,565
540,Kuta Beach,566
541,Desert Point,567
542,Kuta,568
543,Beacons,569
544,Tiger Stripes,570
545,Malé,571
546,Pasta Point,572
547,Castlepoint,573
548,Elbow Ledge,574
549,Lagundri Bay - The Point,575
550,Moulay Bousselham,576
551,Barra Beach,577
552,Jelly Babies (Anakao),578
553,Monseigneur Bay,579
554,Accra,580
555,Busua Beach,581
556,Mutrakni Point,582
557,Elmina,583
558,Assini,584
559,Grand-Lahou,585
560,Dagbego (Dabego),586
561,Sassandra,587
562,San Pedro,588
563,Boucan,589
564,Roches-Noires,590
565,Pointe des Trois-Bassins,591
566,Saint-Leu,592
567,Saint-Pierre,593
568,Tamarin Bay,594
569,Souillac,595
570,La Ferme,596
571,Choshi,597
572,Torami,598
573,Hebara,599
574,Kamogawa (Big Ben),600
575,Wada Rivermouth,601
576,Niijima,602
577,Kaifu River,603
578,Ikumihama,604
579,Niyodo,605
580,Aha Point,606
581,Kudaka,607
582,Castles,608
583,Sunabe Seawall,609
584,Mainside,610
585,Buma,611
586,Okuragahama,612
587,Ishinamigawa,613
588,Kisakihama,614
589,Oura,615
590,Pipeline & Backdoor,616
591,Peahi - Jaws,617
592,Ma'alaea Bay,618
593,Teahupoo,619
594,Taapuna,620
595,Rangiroa Atoll,621
596,Faré,622
597,Asu,623
598,Bawa,624
599,Lances Left,625
600,Macaronis,626
601,Sibigau Rights,627
602,E-Bay,628
603,Ujung Bocur,629
604,Jimmys Point,630
605,Pangandaran,631
606,Cimaja,632
607,Ombak Tujuh,633
608,One Palm Point,634
609,Super Suck,635
610,Palau Rote,636
611,Cloud 9,637
612,Badoc Point,638
613,Jardim do Mar,639
614,Pohnpei (Palikir-Pass),640
615,Fajazinha,641
616,Cozumel,642
617,2nd Street (Tybee Island),643
618,Pleasure Point,644
619,Dakar,645
620,Ponta Preta,646
621,La Barqueta,647
622,Hamilton,648
623,Phuket,649
624,Carolina Beach,650
625,Navarre Beach,651
626,Similan Islands,652
627,Lista,653
628,Unawatuna Bay,654
629,Sunset,657
630,Rocky Point,658
631,Velzyland,659
632,Hale'iwa,660
633,Ala Moana,661
634,Queens/Canoes (Waikiki),662
635,Pacific Beach,663
636,Oceanside,664
637,Newport Beach,665
638,Carmel Beach,666
639,Brandon Bay,667
640,Cuyagua,668
641,Tavarua - Cloudbreak,669
642,Daytona Beach,670
643,Kailua,671
644,Folly Beach Pier,672
645,Hustadvika,673
646,Unstad Beach,674
647,Ocean Isle Beach,675
648,Hosta,676
649,Kitty Hawk,677
650,Karmøy,678
651,Tywyn to Aberdovey,679
652,Puerto Armuelles,680
653,Holden Beach,684
654,Achill Island,685
655,Thorli (Porlackshöfn),686
656,Sandvik,687
657,Playas (Guayaquil),688
658,Fort Pierce,692
659,Dublin Area,694
660,Kraakevika,695
661,Florence,696
662,Honolua,697
663,Ballina,698
664,Coffs Harbour,699
665,Port Macquarie,700
666,Newcastle,701
667,Shoal Bay,702
668,Wollongong,703
669,Atlantic Beach,706
670,Puerto Baquerizo,707
671,Cerro Gallina,708
672,Seymour Norte,709
673,Cape Flattery,710
674,Plettenberg Bay,711
675,Wilderness,712
676,Mossel Bay,713
677,Cape St. Francis,714
678,Port Alfred,715
679,East London,716
680,Richards Bay,717
681,Southbroom,718
682,Hermanus,719
683,Red Bluff,720
684,Warrnambool,723
685,Waitpinga,724
686,Khao Lak,725
687,Stony Rise,726
688,Vero Beach,727
689,Antsiranana,729
690,Ambohitralanana,730
691,Scamander,734
692,Bicheno,735
693,Fripp Island,736
694,K59 and 61,737
695,La Bocaina,738
696,La Playita,742
697,Palma sola beach,743
698,Mawgan Porth,744
699,El Zonte,745
700,Waitpinga Beach ,746
701,Parsons Beach,747
702,Myponga Beach,748
703,Bullies,749
704,Matches,750
705,Ethel Wreck,751
706,Westcape Beach,752
707,Trespassers,753
708,Salmon Hole,754
709,Tai Long Wan SK,755
710,Hualien,756
711,Taitung,757
712,Point Michaud,759
713,Isle of Palms Pier,760
714,Angourie Point ,761
715,Clarence River,762
716,Turners Wall ,763
717,Pippi Beach ,764
718,Turners Beach ,765
719,Miller's Landing,766
720,The Wall,767
721,Punta Sta Rosalillita,768
722,Puerto San Andres,769
723,Punto Lobos,770
724,El Cardon,771
725,Punta Maria,772
726,Punta Cono,773
727,Punta Canoas,774
728,Monuments,775
729,Migrino,776
730,Isla Todos Santos (Killers) ,777
731,Pescadero,778
732,Bahia Chileno,779
733,Las Frailes,780
734,Punta Arenas,781
735,Misquamicut,783
736,Breachway,784
737,K38/39,785
738,Cow Bay,787
739,Summerville,788
740,Baga Beach,789
741,Cancun,790
742,Peñascal,791
743,La Isla (Punta Hermosa),792
744,San Bartolo,793
745,Balandra,794
746,Toco,795
747,South Coast,796
748,Yumuri,797
749,Playa mar Verde,798
750,Puerto Rico (Cuba),799
751,La Habana,800
752,Cabo de San Antonio,802
753,Northern Burma,803
754,Southern Burma,804
755,Central Burma,805
756,Shonan,806
757,Shirahama,807
758,Omaezaki,808
759,Hamamatsu,809
760,Irago,810
761,Las Galletas,811
762,Fisheries Bay,812
763,Warner Beach,813
764,Martinique Beach,814
765,Eguchi-hama ,815
766,Kanehama (Kana-hama),816
767,Scotts Head,817
768,Chincha ,818
769,Linda Mar / Pacifica,819
770, Papenoo ,820
771,Avalon,821
772,Deal,822
773,Sodwana Bay,823
774,Ponta do Ouro,824
775,Ghost Trees,825
776,Boston Bay,826
777,Bull Bay,827
778,Sandend (Moray Firth),828
779,Enniscrone,829
780,Wave Buoy 62029,830
781,Hovden,831
782,Ko Samui,832
783,Pacitan,833
784,Brimms Ness - The Point,834
785,Lake Worth Pier,835
786,Arrifana,836
787,Fort Lauderdale,837
788,La Saladita,838
789,Kovalam,839
790,Puri Beach,840
791,Lohi's,841
792,Sawarna,842
793,Wushi,844
794,El Burro (Glasbeach),845
795,2nd Beach (Sachuest Beach),846
796,Muizenberg,847
797,Kommetjie,848
798,Juno Beach,849
799,Belhaven Bay (Dunbar),850
800,Destin,851
801,Old Orchard Beach,852
802,Zuma Beach County Park,853
803,Point Dume,854
804,Austinmer Beach,855
805,Asbury Park,857
806,Playa Escondida,858
807,Willawahs (Guana Cay),859
808,Wave Buoy 62081,861
809,Wave Buoy 64045,862
810,Boulders,863
811,Green Harbor,864
812,Burleigh Heads,865
813,Cayucos,866
814,Jailbreaks,867
815,Honky's,868
816,Sultans,869
817,Mastic Beach,870
818,Grindavik,871
819,Chirimena,872
820,Melkbosstrand,873
821,Costa da Caparica,874
822,Lakey Peak,875
823,Nihiwatu,876
824,Watu Libung,877
825,Bingin,878
826,Puerto Sandino,879
827,Jenness Beach,881
828,Playa Venao,882
829,Capbreton (La Piste/VVF),883
830,Contis-Plage,884
831,Cap de L'Homy,885
832,St-Girons Plage,886
833,Moliets Plage,887
834,Ondres Plage,888
835,Les Culs Nus,889
836,Les Estagnots,890
837,Hossegor (La Nord),891
838,Les Cavaliers,892
839,Sables d'Or,893
840,Cote des Basques,894
841,Ilbarritz,895
842,Guethary,896
843,Lafitenia,897
844,Masirah Island,899
845,Banana Point,900
846,Foz do Lizandro,901
847,Springmaid Beach,902
848,Kandui,903
849,Rifles,904
850,Anchor Point,905
851,Cortegaca,906
852,1st Beach (Eastons Beach),907
853,Keramas,909
854,Las Flores,910
855,Punta Mango,911
856,Carcavelos,912
857,Careneros,913
858,Playa Santa Teresa,914
859,Wijk Aan Zee/Noordpier,915
860,Bank Vaults,916
861,Thunders,917
862,Rag's Right,918
863,Renesse,919
864,Avellana,920
865,Praia de Sabon,921
866,Mirissa,922
867,El Palmarcito,924
868,Los Lobos,925
869,Lobitos,926
870,La Bocana,927
871,Strand,928
872,Hainan,929
873,Bertra Beach (Murrisk),930
874,Jennys Right,933
875,Telescopes,934
876,Canggu,935
877,Vale Figueiras,936
878,El Hierro,937
879,Morro Negro,938
880,Popoyo,939
881,Playa Colorado,940
882,Scar Reef,941
883,Matosinhos,942
884,Isle of Man,943
885,Harlyn,946
886,Barra da Tijuca,947
887,Praia Da Macumba,948
888,Mangalore Port,949
889,Kumta,950
890,Mahabalipuram Shore Temple,951
891,Manapad Point ( Kulasekharapatanam),952
892,Rushikonda Beach,953
893,Okaloosa Pier,954
894,The Cross (Pensacola Beach),955
895,Alabama Point,956
896,Pondicherry,957
897,Widemouth Bay,958
898,Duranbah (D-Bah),959
899,Chicago (North Avenue Beach),960
900,Watergate Bay,961
901,Milwaukee,962
902,Racine,963
903,New Buffalo,964
904,Sandymouth,965
905,Newquay - Towan / Great Western,967
906,Putsborough,968
907,Polzeath,969
908,Tanjung Cherating,970
909,Sitka (The Wall),971
910,Yakutat (Cannon Beach),972
911,Kodiak (Fossil Beach),973
912,Squibnocket,974
913,Long Point,975
914,South Beach,976
915,Lucy Vincent,977
916,Abels Hill,978
917,Busca Vida       ,979
918,Praia Do Flamengo,980
919,Prainha,981
920,Boca da Barra,982
921,Makaha Point,983
922,Makapuu Point ,984
923,Winkipop,985
924,Carrowniskey,986
925,Playa Hermosa,987
926,Laguna Beach (Brooks Street),988
927,The Pier (Pawleys Island),989
928,Imsouane (Cathedral Point),990
929,Imsouane (The Bay),991
930,Beadnell Bay,992
931,Manorbier,993
932,Cantinho Da Baia,994
933,Ballito,995
934,Sydney (Bondi),996
935,Sydney (Cronulla),997
936,North Narrabeen,998
937,Dee Why Point,999
938,Curl Curl,1000
939,Agnes Water,1001
940,Fraser Island,1002
941,Alexandria Bay (Noosa),1003
942,Sunshine Beach,1004
943,Pin Cushion (Maroochydore),1005
944,Kawana,1006
945,Point Cartwright,1007
946,Moffats,1008
947,North Stradbroke Island,1009
948,South Stradbroke Island,1010
949,Surfers Paradise (Gold Coast),1012
950,Snapper Rocks,1014
951,Fingal Head,1015
952,Kingscliff,1016
953,Pottsville Beach,1017
954,Brunswick Heads,1018
955,Tallow Beach,1019
956,Evans Head,1020
957,Brooms Head ,1021
958,Arrawarra,1022
959,Emerald Beach,1023
960,Moonee Creek,1024
961,Sawtell,1025
962,Valla,1026
963,Crescent Head,1027
964,North Haven,1028
965,Old Bar,1029
966,Forster,1030
967,Boomerang Beach,1031
968,Anna Bay,1032
969,Bar Beach (Dixon Park),1033
970,Redhead,1034
971,Swansea ,1035
972,Shelly Beach,1036
973,Box Head,1037
974,The Peak (Newport Beach),1038
975,Wombarra,1039
976,The Farm,1040
977,Bombo,1041
978,Seven Mile Beach,1042
979,Black Rock / Aussie Pipe,1043
980,Sussex Inlet,1044
981,Mollymook Beach,1045
982,Broulee,1046
983,Bermagui,1047
984,Merimbula,1048
985,Mallacoota,1049
986,Cape Conran,1050
987,Lake Tyers,1051
988,Wilsons Promontory,1052
989,Wonthaggi,1053
990,Point Leo,1054
991,Flinders Beach,1055
992,Ocean Grove,1056
993,St Andrews,1058
994,Manzanillo  Bay,1059
995,Cayton Bay - Pumphouse,1060
996,Zarautz,1061
997,Playa Grande - Guanacaste,1062
998,Coke's / Cola's,1063
999,Chickens,1064
1000,Point Lonsdale,1065
1001,Jan Juc,1066
1002,Point Addis,1067
1003,Hut Gulley (Guvvos),1068
1004,Point Roadknight,1069
1005,Fairhaven,1070
1006,Wye River,1071
1007,Castle Cove,1072
1008,Princetown,1073
1009,Port Fairy,1074
1010,Discovery Bay,1075
1011,Port Macdonnell,1076
1012,Mizata,1077
1013,Buarcos,1078
1014,Frisco,1080
1015,Lusty Glaze,1081
1016,Rossnowlagh,1082
1017,The Zoo,1083
1018,Luna Pier,1084
1019,South Pier - Grand Haven,1085
1020,Tamri,1086
1021,Punta Conejo ,1087
1022,Shipwrecks - Lembongan,1088
1023,Playgrounds,1089
1024,Lacerations,1090
1025,Nahant,1091
1026,Central Florida Hurricane,1092
1027,Outer Banks Hurricane,1093
1028,New Jersey Hurricane,1094
1029,New England Hurricane,1095
1030,Nova Scotia Hurricane,1096
1031,Sagres (South),1098
1032,Sandy Beach,1099
1033,Dunfanaghy,1100
1034,El Astillero,1101
1035,El Penon,1102
1036,Narragansett Beach,1103
1037,Schiermonnikoog,1104
1038,Ameland,1105
1039,Vlieland,1106
1040,Terschelling,1107
1041,Callantsoog,1108
1042,Julianadorp,1109
1043,Petten,1110
1044,Noordwijk aan Zee,1111
1045,Katwijk,1112
1046,Ter Heijde,1113
1047,Blankenberge,1114
1048,Westende,1115
1049,Juist,1116
1050,Baltrum,1117
1051,Langeoog,1118
1052,Spiekeroog,1119
1053,Wangerooge,1120
1054,Padang Padang,1121
1055,Cox Bay,1122
1056,Chesterman Beach (South),1123
1057,Sopelana,1124
1058,Dauphin Island,1125
1059,South Shields,1126
1060,Marwick,1127
1061,Lagos,1128
1062,Scarborough - North Bay,1129
1063,Salisbury,1130
1064,Playa Negra - Guanacaste,1131
1065,Southend on Sea,1132
1066,Newcastle,1133
1067,Silecroft,1134
1068,Medewi,1135
1069,Playa Santana (Playa Jiquelite),1143
1070,The Wedge,1148
1071,Ponto,1149
1072,S*** Pipe,1150
1073,drivers,1152
1074,The edge,1153
1075,The Point,1154
1076,Barrel Rock,1155
1077,Bunmahon,1156
1078,"Longport, 32nd St.",1158
1079,Las Cuevas (La Popular),1159
1080,PD SPOT(Windmill),1160
1081,Highcliffe,1161
1082,Big Wave Bay HK,1163
1083,Cheung Sha,1164
1084,Boynton Inlet,1167
1085,Pariaman,1168
1086,Cedros,1169
1087,Fouesnou,1170
1088,Les Roches Blanches (Pointe Leydé),1171
1089,Puerto Morin,1172
1090,Los Organos,1173
1091,Great Yarmouth,1174
1092,Casernes ,1175
1093,Trouville,1176
1094,Los Caracas,1177
1095,Puerto Cruz,1178
1096,El Peaje,1179
1097,Rose Island,1180
1098,Batts Rock,1181
1099,Elly Bay West,1182
1100,Sydney (Maroubra),1183
1101,Diamond Head,1184
1102,La Setenta (Playa 70),1185
1103,Coalcliff Reef,1186
1104,Maderia Beach ,1187
1105,Currumbin Point,1188
1106,El Cayo,1189
1107,Umina Beach,1190
1108,St Brelades - Jersey,1191
1109,Plemont Bay - Jersey,1192
1110,Greve de Lecq - Jersey,1193
1111,Macuro,1194
1112,Southwold,1195
1113,Todos Santos (mainland),1201
1114,Dungeons,1203
1115,Rocky Point (Margarita),1204
1116,Guacuco,1205
1117,Taguantar ,1206
1118,Las Salinas ,1207
1119,Punta ballena ,1208
1120,Punta Arena ,1209
1121,El Bajo (Malecon),1210
1122,Navegantes,1211
1123,Indian Rocks ,1212
1124,El Palito,1213
1125,Redington Rocks,1214
1126,Sunset Beach,1215
1127,St Pete Beach,1216
1128,Rio Chico,1217
1129,Yzerfontein,1218
1130,Playa de Orzola,1219
1131,Elbow (Sheboygan),1220
1132,Pass-A-Grille Jetty,1221
1133,Playa Los Cuatro,1223
1134,La Boca Con Con,1224
1135,Horizonte del Sol,1225
1136,Paignton,1226
1137,Garretstown,1227
1138,Esmoriz,1228
1139,Hourtin,1229
1140,Canto do Recreio,1230
1141,Clogherhead,1231
1142,Viejo y el Mar,1232
1143,Challaborough,1233
1144,Wembury,1234
1145,Santa Marina,1235
1146,Mandiri,1238
1147,Xivares,1239
1148,Tobay Beach,1240
1149,Assinie,1241
1150,Conil,1242
1151,Walton Rocks,1243
1152,Hookipa,1244
1153,Champerico,1245
1154,Hapuna Pt,1246
1155,Kahaluu,1247
1156,Avoca Beach,1248
1157,Guaratuba,1249
1158,Punta Abreojos,1250
1159,Skunk Point,1251
1160,Haskels Beach,1252
1161,Porthleven,1253
1162,Greens Beach,1254
1163,Odeceixe,1255
1164,Falesia-Vilamoura,1256
1165,Praia Grande Sintra,1257
1166,Cazon (Buchuaco),1258
1167,Panama City Beach,1259
1168,Hull Bay,1260
1169,Umdloti ,1261
1170,Copec ,1262
1171,La Sabana,1263
1172,Jetty Park,1264
1173,Sunabe II,1265
1174,Tidemills,1266
1175,Thirteenth Beach ,1267
1176,Salinas Grandes,1268
1177,Fitzroy Beach ,1269
1178,Essaouira,1270
1179,Imbituba,1271
1180,Sanur,1272
1181,Itacoatiara,1273
1182,Windmills,1274
1183,El Tránsito,1275
1184,Playa Conchalio,1276
1185,Arpoador,1277
1186,El Bolsillo (Pradomar),1278
1187,Praia da Pipa,1279
1188,Quequen,1280
1189,Sea Isle City ,1281
1190,Rayong Mae Ramphung,1282
1191,Banna Beach ,1283
1192,Kleinmond,1284
1193,Pinamar,1285
1194,Llangrannog,1286
1195,Serena,1287
1196,Praia da Barra,1288
1197,Tifnit,1289
1198,Turtles,1290
1199,Kugenuma Kaigan ,1291
1200,Yallingup,1292
1201,Berawa Beach,1293
1202,Seminyak,1294
1203,Saunton Sands,1322
1204,Boscombe,1323
1205,Penhale (Perran Sands),1324
1206,Eastbourne,1325
1207,Southbourne,1329
1208,Chapel Porth,1331
1209,Portreath - Beach,1334
1210,St Agnes,1335
1211,Newquay - Tolcarne Wedge,1336
1212,Newquay - Porth,1337
1213,Whipsiderry,1338
1214,Godrevy,1340
1215,Gwenvor,1343
1216,Hayling Island,1344
1217,Shoreham,1346
1218,Brighton - Marina,1347
1219,Westward Ho!,1351
1220,Woolacombe,1352
1221,Bude - Summerleaze,1355
1222,Crackington Haven,1358
1223,Newquay-  Little Fistral,1360
1224,Newquay - Fistral South ,1361
1225,Newquay - Cribbar,1362
1226,Crantock,1363
1227,Redcar,1365
1228,Marske to Tees,1366
1229,Whitley Bay,1370
1230,Bamburgh,1377
1231,Isle of Wight - Freshwater,1379
1232,Seaton To Blyth,1381
1233,Littlehampton,1383
1234,Treyarnon,1390
1235,Holywell Bay,1393
1236,Porthmeor,1394
1237,East Runton,1396
1238,Mundesley,1397
1239,Bacton,1398
1240,Walcott,1399
1241,Torbay,1400
1242,Nigg Bay,1402
1243,Balmedie to Newburgh,1403
1244,Boyndie Bay,1404
1245,Skara Brae,1407
1246,Sango Bay,1410
1247,Port of Ness,1411
1248,St Combs to Inverallochy,1414
1249,Saligo Bay,1416
1250,Laggan Bay,1417
1251,Ardnave Bay,1418
1252,Lossit Bay,1419
1253,Dalbeg,1422
1254,Cliff,1424
1255,Westport,1425
1256,Graveyards,1427
1257,Caravans,1428
1258,Dunaverty,1429
1259,Keiss,1433
1260,St Andrews West,1435
1261,Kingsbarns,1436
1262,Arbroath,1437
1263,S*** Pipe,1438
1264,Murkle Point,1439
1265,Castlehill to Murkle,1440
1266,Dunnet Bay,1442
1267,Balephuil,1443
1268,The Maze,1444
1269,The Hough,1445
1270,Cruden Bay,1448
1271,Porthcawl - Rest Bay,1449
1272,Hunts Bay,1456
1273,Aberdaron,1474
1274,Abereiddy,1477
1275,Harlech to Barmouth,1478
1276,Mossies,1480
1277,Garywilliam Point,1481
1278,Inch Strand,1482
1279,Rossbeigh,1483
1280,Kilmurren,1488
1281,Annestown Bay,1489
1282,The Perfect Wave,1490
1283,Rosapenna,1491
1284,Pollacheeny Harbour,1492
1285,Kilcummin Harbour,1493
1286,Lackan Bay / Kilcummin,1494
1287,Lahinch - Shit Creek,1495
1288,Lahinch - Cornish Left,1496
1289,Cregg / Moy Beach,1497
1290,Pollan Bay,1498
1291,Dunmoran Strand,1499
1292,Easkey Left,1500
1293,Easkey Right,1501
1294,Tramore - Incredible Wave,1503
1295,Mullaghmore Strand,1504
1296,Mullaghmore Head,1505
1297,Le Club ,1506
1298,Le VVF   ,1507
1299,Marinella ,1508
1300,Les Corsaires  ,1509
1301,La Madrague,1510
1302,Erretegia,1511
1303,Guethary (Avalanche) ,1512
1304,Les Alcyons,1513
1305,Parlementia,1515
1306,L'Horizon,1517
1307,Porsmilin ,1518
1308,Dalbosc ,1519
1309,Le Petit Minou ,1520
1310,Anse de Pen-hat,1521
1311,Pors-ar-Vag,1522
1312,Cap de la Chèvre,1523
1313,La Palue ,1524
1314,Lespecier,1525
1315,Le Santocha,1526
1316,Le Prevent,1527
1317,L'Estacade,1528
1318,Le Penon,1529
1319,Gwendrez ,1530
1320,Hossegor (La Sud),1531
1321,Les Bourdaines,1532
1322,Porzcarn,1533
1323,Lesconil     ,1534
1324,Carcans,1535
1325,Le Porge,1536
1326,La Jenny,1537
1327,Le Crohot des Cavales,1538
1328,Erromardie,1539
1329,Bidart,1540
1330,Sainte-Barbe,1541
1331,Ciboure Socoa,1542
1332,Belharra Perdun   ,1543
1333,St Pabu ,1544
1334,Penfoul ,1545
1335,La Mauvaise Grève,1546
1336,Siouville,1547
1337,Dielette,1548
1338,Les Boulassiers ,1549
1339,Les Huttes ,1550
1340,St-Trojan,1551
1341,St-Denis ,1552
1342,La Barre,1553
1343,Tarnos,1554
1344,Labenne-Ocean,1555
1345,La Côte Sauvage,1556
1346,Plage du Loch ,1557
1347,Le Kérou,1558
1348,Toulhars ,1559
1349,Gavres,1560
1350,Etel,1561
1351,Le Pin Sec,1562
1352,L'Amelie,1563
1353,Le Verdon,1564
1354,Le Gurp,1565
1355,Montalivet,1566
1356,Pontaillac ,1567
1357,Sauveterre ,1568
1358,Saint-Nicolas,1569
1359,Les Dunes ,1570
1360,La Sauzaie ,1571
1361,Saint Gilles Croix de Vie,1572
1362,Les Conches/Bud Bud,1573
1363,Porz Théolen,1574
1364,Saint Tugen,1575
1365,Pointe de Lervily,1576
1366,La Gamelle  ,1577
1367,Les Longchamps,1578
1368,Cap Fréhel,1579
1369,Sainte Adresse,1580
1370,Hendaye Plage,1581
1371,La Pointe,1582
1372,Le Truc Vert,1583
1373,Le Grand Crohot,1584
1374,Le Gouerou  ,1585
1375,Kerloch,1586
1376,Pointe de Dinan ,1587
1377,Vaucottes,1588
1378,Yport,1589
1379,Petites Dalles,1590
1380,Boutrouilles,1591
1381,Collignon,1592
1382,L'Anse du Brick,1593
1383,Hatainville ,1594
1384,Camperduin,1825
1385,Kijkduin,1828
1386,Hoek Van Holland,1829
1387,Blokken,1830
1388,Schouwen Duiveland,1831
1389,Vlissingen,1832
1390,Bredene,1833
1391,Mariakerke,1834
1392,Oostduinkerke,1835
1393,Bunkers,1836
1394,Hanstholm,1837
1395,El Conquistador,1848
1396,Derecha del Cartel,1849
1397,El Confital - Tenerife,1850
1398,El Callado,1851
1399,Fuera de la Bajeta,1852
1400,El Charco ,1853
1401,Los Patos,1854
1402,La Caleta,1855
1403,El Paso,1865
1404,Molokai,1868
1405,Quintanilla - Gran Canaria,1869
1406,El Comedor,1870
1407,Boquines,1871
1408,El Lloret,1873
1409,La Barra - Las Canteras,1874
1410,Mosca Point,1875
1411,Playa de las Mujeres,1876
1412,Playa del Ingles,1877
1413,Tauro,1878
1414,El Frontón,1879
1415,Bocabarranco - Gran Canaria,1882
1416,Refsnes,1883
1417,Pigsty/Piggy,1884
1418,Reve Havn,1885
1419,Bore,1886
1420,Byberg,1888
1421,Hellestø,1889
1422,Kvassheim,1892
1423,Ervik,1893
1424,Suppå,1894
1425,Perelle Bay - Dom Hue - Guernsey,1897
1426,Portinfer - Guernsey,1900
1427,L'Ancresse Bay - Guernsey,1901
1428,Fort Le Marchant - Guernsey,1902
1429,Secrets - Jersey,1903
1430,Stinky Bay - Jersey,1904
1431,Les Brayes - Jersey,1905
1432,La Rocco - Jersey,1906
1433,Petite Port - Jersey,1907
1434,Sumner Bar (Christchurch),1950
1435,Smails Beach,1952
1436,Sandfly Bay,1953
1437,Waiwakaiho,1956
1438,Back Beach (Taranaki),1957
1439,Sponge Bay,1958
1440,Stock Route,1959
1441,Oakura,2014
1442,Ahu Ahu,2015
1443,Waitara Bar,2017
1444,Punihos,2019
1445,Komerne Road,2020
1446,Scott Point ,2021
1447,Green Meadows,2024
1448,Long Point,2025
1449,Railways,2026
1450,Opoutama,2027
1451,Black's Beach,2028
1452,Mahia Reef,2029
1453,Last Chance,2033
1454,La Punta - Playa Zicatela,2057
1455,Ostiones,2058
1456,San Pancho,2059
1457,Escolleras,2060
1458,Playa Linda,2061
1459,Stoner's Point,2062
1460,Aticama,2063
1461,Santa Cruz - Nayarit,2064
1462,Troncones,2065
1463,San Augustin,2066
1464,El Paraiso,2067
1465,Cuyutlan,2068
1466,El Faro (Guerrero),2069
1467,Colotepec,2070
1468,Punta Chivo,2071
1469,La Ventosa,2072
1470,Barra de Potosi,2073
1471,Hampton Beach,2074
1472,Linkys,2075
1473,Costellos,2077
1474,Seabrook Beach,2078
1475,Cherry Grove Pier,2087
1476,Devils Rock,2088
1477,Blinky Beach,2089
1478,Harry's,2090
1479,Bagasbas Beach,2092
1480,Bailey's Beach,2096
1481,Lagundri Bay - Indicators,2148
1482,The Machine,2149
1483,27th Ave/North Myrtle,2152
1484,17th Street Boardwalk,2153
1485,North Jetty,2155
1486,Ditch Plains,2159
1487,Atlantic Terrace,2160
1488,Turtle Cove,2161
1489,Jones Beach State Park,2162
1490,FAE,2180
1491,Chocolatera,2181
1492,Punta Chulluype,2182
1493,Punta Bellaca,2183
1494,Punta Galera,2184
1495,San Mateo,2185
1496,Punta Suspiro,2186
1497,Portete,2187
1498,Punta Tonchigue,2188
1499,Atacames,2189
1500,La Mesita,2190
1501,Cabo Pasado,2191
1502,Punta Mala,2192
1503,Bocana del Cojimies,2193
1504,Engabao,2194
1505,Punta Panico,2195
1506,Cabo Blanquillo,2196
1507,El Nuro,2197
1508,Punta Restin,2198
1509,Yacila,2199
1510,Punta Negra (Piura),2200
1511,Punta Ballenas,2201
1512,Punta Arena (Piura),2202
1513,Punta Lobo,2203
1514,Punta Aguja,2204
1515,Punta Tur,2205
1516,Punta Prieta,2206
1517,Silver Sands,2207
1518,Freights,2208
1519,Surfer's Point - Barbados,2209
1520,Tent Bay,2210
1521,Parlors,2211
1522,Sand Bank,2212
1523,Brandons,2213
1524,Maycocks,2214
1525,Tropicana,2215
1526,Conset Point,2216
1527,Ragged Point,2217
1528,Long Beach,2218
1529,Ocós,2219
1530,La Barra - Likin,2220
1531,Chulamar,2221
1532,Iztapa,2222
1533,El Paredón,2223
1534,Capoon's Bay,2224
1535,West End,2225
1536,Log Cabins,2226
1537,Backyards,2232
1538,Off-The-Wall,2233
1539,Rockpile/Heisler Park,2234
1540,Lagoons,2243
1541,Broadbeach,2247
1542,Long Track,2248
1543,Mudjimba Island,2249
1544,Peregian Creek,2250
1545,Greenmount,2251
1546,Narrowneck,2252
1547,Boiling Pot,2253
1548,The Spit,2254
1549,Punta Rocas,2258
1550,Playa Norte,2259
1551,Señoritas,2261
1552,El Huayaco,2262
1553,Caballeros,2263
1554,Pulpos,2264
1555,Triangulo,2265
1556,Ala Moana,2266
1557,Laniakea,2267
1558,Barranquito,2268
1559,Villa,2269
1560,Pavos,2270
1561,Redondo,2271
1562,Waikiki,2272
1563,Makaha,2273
1564,Pampilla,2274
1565,Punta Roquitas,2275
1566,El Gringo,2276
1567,La Isla,2277
1568,El Brazo,2278
1569,El Puerto,2279
1570,El Buey,2280
1571,La Brava,2281
1572,Arenillas Negras,2283
1573,El Tubo,2284
1574,Las Machas,2285
1575,Pozo Verde,2286
1576,Punta Una,2287
1577,Punta Dos,2288
1578,Colegio,2289
1579,Las Urracas,2290
1580,Punta Gruesa,2291
1581,Intendencia,2292
1582,Andrómeda,2293
1583,Piedra del Lobo,2294
1584,Ram5,2295
1585,La Cúpula,2296
1586,Budeo,2297
1587,Isla Santa Maria,2298
1588,Reñaca,2299
1589,Las Salinas (Pichilemu),2300
1590,Dreamland,2301
1591,Impossibles,2302
1592,Balangan,2304
1593,Old Mans - Batu-Bolong,2305
1594,Airport Reef,2309
1595,Ceningan,2311
1596,Sri Lanka,2312
1597,Tanjung Sari,2313
1598,Nyang Nyang,2315
1599,Serangan,2319
1600,Green Ball,2320
1601,Infernillo,2322
1602,Rock Island (Pencit Reef),2323
1603,Papagayo,2324
1604,El Claron,2325
1605,Tuason Point,2326
1606,Horseshoe,2327
1607,Stimpy's,2328
1608,Barrio,2329
1609,Pilar,2330
1610,Pansukian,2331
1611,Caridad,2332
1612,Pacifico,2333
1613,Star Tubes,2334
1614,Badoc Island Lefts,2335
1615,Turtle Head,2336
1616,Boracéia,2337
1617,Mole,2343
1618,Galheta,2344
1619,Naufragados,2345
1620,Corniche Ouest,2346
1621,Ouakam,2347
1622,Vivier,2348
1623,N'gor Lefts,2349
1624,N'gor Rights,2350
1625,Baie des Carpes,2351
1626,Yoff Beach,2352
1627,Secret,2353
1628,Le Virage,2354
1629,Club Med,2355
1630,Ponta Paul,2358
1631,Madalena do Mar,2359
1632,Achadas da Cruz,2360
1633,Ribeira da Janela,2362
1634,Lugar de Baixo,2363
1635, Ponta do Tristão,2364
1636,Ponta do Sino,2365
1637,Santa Maria,2366
1638,Spoutnik,2367
1639,Fragata,2368
1640,Rife,2369
1641, Monte Leão,2370
1642,Alibaba,2371
1643,Curral Joul,2372
1644,Airport Reef - Phuket,2373
1645,Nai Thon,2374
1646,Bang Tao,2375
1647,Pansea Beach,2376
1648,Surin Beach,2377
1649,Kamala Beach,2378
1650,Kalim,2379
1651,Patong,2380
1652,Relax Beach,2381
1653,Rolling Stones,2382
1654,Ollie's Shipwreck,2383
1655,The Rock,2384
1656,Thorli Beach,2385
1657,Blow Holes,2391
1658,Shek O,2392
1659,Repulse Bay - HK,2393
1660,Campeche,2394
1661,Moçambique,2395
1662,Paúba,2396
1663,Brava (Littoral Paulista),2397
1664,Camburi,2398
1665,Canto do Leblon,2399
1666,Pui O,2400
1667,Embaré,2401
1668,Jaconé,2403
1669,Brava,2404
1670,Laje Rasa,2405
1671,São Lourenco,2406
1672,Nanwan,2407
1673,Juréia,2408
1674,Jialeshuei,2409
1675,Morro das Pedras,2410
1676,Gongs,2411
1677,Dashi,2412
1678,Salibya,2413
1679,Sans Souci,2414
1680,Grande Riviere,2415
1681,Crazy's,2416
1682,São José,2417
1683,Corais,2418
1684,Pontal,2419
1685,Jeribucaçu,2420
1686,Engenhoca,2421
1687,Havaizinho,2422
1688,Itacarezinho,2423
1689,Jardim Atlantico,2424
1690,Pedra da Cachorra,2425
1691,Sul,2426
1692,Milionários,2427
1693,Cupe,2428
1694,Galinhas,2429
1695,Serrambi,2430
1696,Imposivel,2431
1697,Conceição,2432
1698,Meio,2433
1699,Boboca,2434
1700,Abras,2435
1701,São José,2436
1702,Baia da Rata,2437
1703,La Paz,2439
1704,The Pier - Costa del Balsamo,2440
1705,La Vaca,2441
1706,Toro de Oro,2442
1707,El Cuco,2443
1708,La Ventana,2444
1709,El Espino,2445
1710,Playas del Este,2446
1711,Lighthouse Beach - Kerala,2454
1712,Ostional,2455
1713,Playa Guiones,2456
1714,Hawa's Beach,2457
1715,Hog Hole,2458
1716,Backwash (Golfo Dulce),2459
1717,Tiruchindur,2460
1718,Punta Banco,2461
1719,Langosta,2462
1720,Isla Uvita,2463
1721,Roca Alta,2464
1722,Harbour Jetties - Visakhapatnam,2465
1723,Cocaïne Point,2466
1724,Westfalia,2467
1725,Rama Krishna Beach,2468
1726,Punta Barigona,2469
1727,Park Hotel,2470
1728,Lawsons Bay,2471
1729,Playa Jaco,2472
1730,Mangamari,2473
1731,Tenneti Park,2474
1732,Jodugullapullam,2475
1733,Playa Cocles,2476
1734,Little Shoal,2477
1735,Punta Uva,2478
1736,Playa Manzanillo,2479
1737,Carate,2480
1738,Zancudo,2481
1739,Barco Quebrado,2490
1740,Tortuguero Beach,2491
1741,Playa Escondida,2492
1742,Boca Tusubres,2493
1743,Esterillos Oeste,2494
1744,Manzanillo (Limón),2495
1745,Nu'usafee Island,2496
1746,Playa Negra - Limon,2497
1747,Tafatafa,2498
1748,Playa Caletas,2499
1749,Playa Coyote,2500
1750,The Office,2501
1751,Racetrack - Sumba,2502
1752,Five-O,2503
1753,Pantai Marosi,2504
1754,Wainukaka,2505
1755,Paunch,2506
1756,Bluff,2507
1757,Club Med - Malaysia,2508
1758,Chendor Beach,2509
1759,First Beach,2511
1760,The Point,2512
1761,Sandbar,2513
1762,Las Bóvedas,2514
1763,La Zurda,2515
1764,Nuevo Loco,2516
1765,Mojon Beach,2517
1766,Pradomar,2518
1767,Punta Roca - Colombia,2519
1768,Hawaiisito,2520
1769,San Carlos Point,2521
1770,Esmeralda,2522
1771,Rio Mar,2523
1772,Punta Teta,2524
1773,Rinconsito,2525
1774,Sandy Beach - Puerto Rico,2530
1775,Rock,2533
1776,Wilderness (Puerto Rico),2534
1777,Hungry,2535
1778,Nakayama,2536
1779,Motones,2537
1780,Azakou,2539
1781,Kazamoto ,2541
1782,BCs,2542
1783,Injou,2543
1784,Surfers Beach (Puerto Rico),2544
1785,Yokino,2545
1786,Sumiyoshi,2547
1787,Alize,2549
1788,La Station,2551
1789,La Caravelle,2552
1790,Anse Betrand,2553
1791,Anse Salabouelle,2554
1792,Hotel Novotel,2555
1793,Port St-Francois,2556
1794,North Point - Lake Michigan ,2557
1795,Wind Point ,2558
1796,Playa Rosada,2559
1797,Masachapa,2560
1798,Montelimar,2561
1799,El Remanso,2562
1800,Tamarind,2568
1801,El Yanke,2569
1802,T Street (Trafalgar Street),2570
1803,Blackies,2575
1804,Santa Ana River Jetties,2577
1805,Rockpile/Heisler Park,2578
1806,Corona Del Mar Jetty,2579
1807,Four Rocks,2580
1808,Rush Reef,2581
1809,Garbanzo,2582
1810,Tilloo Cut,2583
1811,Ledges,2585
1812,Hidden Beach,2586
1813,Holiday Beach,2587
1814,Doheny State Beach,2588
1815,Whale Point Cut,2589
1816,Poche Beach,2590
1817,204s,2591
1818,Dolphin Street,2592
1819,7th Street,2593
1820,Surfside Jetty,2594
1821,72nd Place,2596
1822,64th Place,2597
1823,13th Street,2599
1824,Trails,2600
1825,Torrance Beach/Haggertys,2604
1826,Lower Haggertys,2605
1827,Hermosa Beach,2607
1828,Point Dume,2610
1829,Venice Beach,2611
1830,Bay Street,2613
1831,Refugio State Beach,2625
1832,Miramar,2628
1833,Sandspit,2629
1834,La Conchita Beach,2630
1835,New Jetty/South Jetty,2632
1836,Staircase Beach,2641
1837,Leo Carrillo,2642
1838,Zero/Nicholas Canyon County Beach,2643
1839,Solimar Reef and Beach,2644
1840,Faria Beach,2645
1841,Emma Wood,2646
1842,Port Hueneme Beach Park,2647
1843,Ormond Beach,2648
1844,James Point,2649
1845,Little Rincon/Mussel Shoals,2672
1846,El Porto Beach,2677
1847,Ceron,2693
1848,Tomate,2694
1849,Charlot,2695
1850,Bagasse,2696
1851,Cocoa,2697
1852,Pelle Ã¡ Tarte,2698
1853,Le Lorrain,2699
1854,Charpencaye,2700
1855,Tarpits/Carpinteria State Beach,2701
1856,Tajiguas,2703
1857,Biologia,2704
1858,Yacht ,2705
1859,Escollera Sur,2706
1860,La Pepita,2707
1861,Waikiki (Mar del Plata),2708
1862,Mariano,2709
1863,Diva,2710
1864,El Muelle,2711
1865,Miramar (Argentina),2712
1866,Paradise,2713
1867,Pedra do Meio,2714
1868,Ronco do Mar,2715
1869,Curral,2716
1870,Hawaiizinho,2717
1871,Outside,2718
1872,Titanzinho,2719
1873,Volta da Jurema,2720
1874,Portão,2721
1875,Futuro,2722
1876,Leste Oeste,2723
1877,Ponte Metalica,2724
1878,Barra do Ceara,2725
1879,Pecém,2726
1880,Weligama,2727
1881,Okanda,2728
1882,Panama Rights,2729
1883,Peanut Farm,2730
1884,Crocodile Rock,2731
1885,Rivermouth,2732
1886,Gallé,2733
1887,Matara,2735
1888,20/20's,2736
1889,Tiger Tracks Left,2737
1890,Tiger Tracks Rights,2738
1891,Playa Caribe,2739
1892,El Malecon,2740
1893,Playa El Agua,2742
1894,Outside Ekas,2743
1895,Anare,2744
1896,Punta Care,2745
1897,Fido Point,2746
1898,Playa Pantaleta,2747
1899,Carúpano,2748
1900,Punta de Guiria,2749
1901,Ninja's,2750
1902,Flame Bowls,2751
1903,Puss Puss,2752
1904,Libanona,2753
1905,Baie de Galion,2754
1906,Baie des Singes,2755
1907,Resorts,2756
1908,Chefs,2757
1909,Graveyards (Mauritius),2758
1910, Ilôt Sancho,2759
1911,Black Rocks (Mauritius),2760
1912,Harbour Riviere Noire,2761
1913,Maconde,2762
1914,Cap Requin,2763
1915,Aigrettes,2764
1916,L'Hermitage,2765
1917,Pic du Diable,2766
1918, La Jetee,2767
1919,La Caffrine,2768
1920,Le Port,2769
1921,Labadi Beach,2770
1922,Dixcove,2771
1923,Suicide Cliffs,2772
1924,Maeda,2773
1925,Turtles,2774
1926,Bowls,2775
1927,Aja,2776
1928,Little Makaha,2780
1929,Honokohau,2782
1930,Kawaihae Breakwater,2783
1931,Banyans,2784
1932,Pavilions,2785
1933,Monobe,2791
1934,Shishikui,2792
1935,Teba,2793
1936,Uchizuma,2794
1937,Yasuda,2795
1938,Matsube,2800
1939,Malibu,2801
1940,Shida,2802
1941,Fitii,2805
1942,Secret (Nias),2807
1943,Lances Right,2810
1944,The Peak - Krui,2811
1945,Macaronis Right,2812
1946,Pulau Pisang,2813
1947,Bali Village,2814
1948,Way Jambu,2815
1949,Krui Left,2816
1950,Krui Right,2817
1951,Ujung Walur,2818
1952,Rag's Left,2819
1953,Nipussi,2821
1954,Pit Stops,2822
1955,Beng Bengs,2823
1956,Hideaways - Mentawai,2824
1957,Four Bobs,2827
1958,Karamba,2828
1959,Chubbies,2829
1960,A-Frames,2830
1961,Bintangs,2831
1962,Silabu,2833
1963,7 Palms,2835
1964,Burgerworld,2838
1965,Taileleo,2839
1966,Greenbush,2845
1967,Suicides - Central Mentawai,2849
1968,Ombak Tidur,2851
1969,Ariks,2853
1970,Iceland,2855
1971,Lakey Pipe,2861
1972,No Man's,2862
1973,Cobblestones,2863
1974,Nungas,2864
1975,Periscopes,2866
1976,Tarcoola,2867
1977,Nangadoro,2868
1978,Coronation,2869
1979,Pea Break,2871
1980,Blue Holes,2872
1981,The Box,2873
1982,Stark Bay,2874
1983,Salmon Point,2877
1984,Cunns,2880
1985,Windmills,2881
1986,Cactus,2882
1987,Crushers,2883
1988,Caves,2885
1989,Supertubes (Cactus),2886
1990,Redgate Peaks,2889
1991,Observation City,2893
1992,The Dump,2897
1993,Pondie,2898
1994,Spits,2899
1995,Trigs Beach,2900
1996,The Trough,2901
1997,Y-Steps,2902
1998,Winki Pop / Fairy Bower,2923
1999,Bilgola Beach,2927
2000,Bungan,2928
2001,Little Avalon,2929
2002,Avalon,2930
2003,Crackneck,2931
2004,Coneeley's Reef,2932
2005,Queenscliff,2934
2006,South Narrabeen,2936
2007,North/ South Steyne,2937
2008,Warriewood,2938
2009,Copacabana,2940
2010,Wamberal,2942
2011,Green Island,2946
2012,Dolphin Point,2947
2013,Bendalong Beach,2948
2014,Dum Dums,2949
2015,Black Point,2950
2016,Broken Head,2952
2017,Aganoa,2953
2018,Coconuts,2954
2019,Tiavea Rivermouth,2955
2020,Waterfalls,2956
2021,SoloSolos,2957
2022,Special K,2958
2023,Pebbles,2959
2024,Jaguaribe,2962
2025,Stella Maris,2963
2026,Kandooma Right,2964
2027,Batu Karas,2965
2028,Rainbows,2966
2029,South Shore Beach,2967
2030,Pantin,2968
2031,St Mikes,2969
2032,Ujong Karang,2970
2033,Kuala Bubon Lefts,2971
2034,Hilisataro,2972
2035,Yoyo,2973
2036,Al Marsa,2974
2037,Lagouira,2975
2038,La Corniche - Sahara,2976
2039,Ponta Negra - Western Sahara,2977
2040,Casamar,2978
2041,Zbarat,2979
2042,Tarf Noa,2980
2043,Msdoud,2981
2044,Skaymat,2982
2045,Tarf Entayreft,2983
2046,Pointe de l'Or,2984
2047,Foum El Bouir,2985
2048,Lagtoua,2986
2049,Cap Blanc,2987
2050,TaÃ­ba,2988
2051,Algarrobo,2989
2052,Maitencillo,2990
2053,Punta Topocalma,2991
2054,La Vedette,2992
2055,Salaverry Harbour,2993
2056,Sao Marcos,2994
2057,Aracaji,2995
2058,Itatinga,2996
2059,Olinda to Porto de Suape,2997
2060,Gardur,2998
2061,Kokrobite,2999
2062,Nyanyanu,3000
2063,Fete,3001
2064,Fort Good Hope,3002
2065,LP's,3004
2066,Takoradi,3005
2067,Cape Three Points,3006
2068,Fort Sebastian,3007
2069,University,3008
2070,La Passe (Ivory Coast),3009
2071,Lome-Rivage,3010
2072,Cotonou Rivermouth,3011
2073,Fishermans Point,3012
2074,Dorothy's,3013
2075,Cassava,3014
2076,St Charles,3015
2077,Bouches du Roi,3016
2078,Krake,3017
2079,Les Route des Peches,3018
2080,"Sheraton, Novotel",3019
2081,Momi Bay,3020
2082,Natadola,3021
2083,Salani,3022
2084,Frigates,3023
2085,Uatotoka,3024
2086,Ouidah,3025
2087,Vesi Passage,3026
2088,Anecho,3027
2089,Grand Drewin,3028
2090,Sabang,3029
2091,Lampuuk,3030
2092,Pantai Camara,3032
2093,Cotton Trees,3033
2094,Mamba Beach,3034
2095,Rio Mearim,3035
2096,Pui Puy,3036
2097,Lam Tadoh Lefts,3037
2098,Balimbing,3038
2099,Ujung Siging,3039
2100,Promises,3050
2101,Hanalei Bay,3051
2102,Left Point,3053
2103,Cement Factory,3054
2104,Babah Nipah,3055
2105,Calang Reefs,3056
2106,Lamno,3057
2107,Blangujung Rights,3058
2108,Lambaro Rights,3059
2109,Losmen Right,3060
2110,Silabok Island,3061
2111,Solawi,3062
2112,Hiliduha,3063
2113,Benkunqut,3064
2114,Enggano,3065
2115,Afulu,3066
2116,The Hole,3067
2117,A-Frame,3068
2118,Atoll Reefs,3069
2119,Blanchisseuse,3071
2120,Lagoinha do Leste,3072
2121,Sanding,3073
2122,Hiliduha / Dipi,3074
2123,Lighthouse / Pagai Selatan,3075
2124,Puerto Salaverry,3076
2125,"Las Cuevas, Trinidad",3077
2126,Airports - Tobago,3078
2127,Sunset Rights,3079
2128,Polihale,3080
2129,Sunset Left,3081
2130,Barbers Point,3082
2131,Windmills - Guantanamo,3083
2132,Maili Point,3084
2133,Tracks,3085
2134,Windmills - Maui,3086
2135,Mabuntok,3087
2136,Auqui Left,3088
2137,Cauit Point,3089
2138,Badjang,3090
2139,Moshi Moshi,3091
2140,Punta Left,3092
2141,Marami,3093
2142,Puro Pinget,3094
2143,Mananget,3095
2144,Parada Santa,3096
2145,Nalvo,3097
2146,Rozelle Beach,3098
2147,Peeny Wally's,3099
2148,Runaways,3100
2149,Cayo Coco,3101
2150,Sun Beach,3102
2151,Gibara,3103
2152,Rock Sound,3104
2153,North Palmetto Point,3105
2154,Caracol,3106
2155,Ginsu,3107
2156,Le Borgne,3108
2157,Tiburon Reefs,3109
2158,Pistons,3110
2159,Larrache,3111
2160,Paloma,3112
2161,Sidi-Rbat,3113
2162,Tafedna,3114
2163,Cap Spartel,3115
2164,Sidi Kaouki ,3116
2165,Cap Sim,3117
2166,Haouzia,3118
2167,El Jadida,3119
2168,Sidi Bouzid,3120
2169,Sidi Abed,3121
2170,Mirleft,3122
2171,Legzira,3123
2172,Sidi Ifni,3124
2173,Boats point,3125
2174,Plage Blanche,3126
2175,Tan-Tan Plage,3127
2176,Tarfaya,3128
2177,Foum el Oued,3129
2178,Laâyoune Plage,3130
2179,Dakhla,3132
2180,La Gouira,3133
2181,Sidi Moussa d'Aglou,3134
2182,Low Island,3136
2183,Shoals Point,3137
2184,Shoals Reef/Wall,3138
2185,Port Mary,3139
2186,Kai's Place,3140
2187,Neva Bay,3141
2188,Red Tree Reef,3142
2189,Good Rats,3143
2190,Sealion Cove,3144
2191,"Sandy Beach - Sitka, Alaska",3145
2192,Short Ledge,3146
2193,Racing Lefts,3147
2194,Pulau Kecil,3148
2195,Village Reform,3149
2196,Indo Jiwa,3150
2197,Serenade,3151
2198,Coconut Swing,3152
2199,Double Dome,3153
2200,Heavy's,3154
2201,Sidewalk,3155
2202,Papara,3156
2203,Passe de Maraa,3157
2204,Temae,3158
2205,Maharepa,3159
2206,Haapiti,3160
2207,Hauru,3161
2208,Motu Mahara,3162
2209,Parea Left,3163
2210,Parea Right,3164
2211,Faaroa,3165
2212,Teavapiti,3166
2213,Miri-Miri,3167
2214,Pai-Pai,3168
2215,Vaiaau,3169
2216,Nao Nao,3170
2217,Mount Irvine,3171
2218,Toauri,3172
2219,Funeral Point,3173
2220,Otro Pais,3174
2221,Carmen D'Uria,3175
2222,Puerto Azul,3176
2223,Los Cocos,3177
2224,Tanaguarena,3178
2225,Chacopata,3179
2226,Nahpali,3180
2227,Nan Madol,3181
2228,Nahlap,3182
2229,Playita,3183
2230,Mamo,3184
2231,La Esmeralda,3185
2232,Chaguarama,3186
2233,Matadeiro,3187
2234,Forte,3188
2235,Typhoon Valley,3190
2236,Praia Branca,3191
2237,Vila,3192
2238,Itauna,3193
2239,Seca,3194
2240,Santinho,3195
2241,Ilha dos Lobos,3196
2242,The Peak (tongatapu),3197
2243,Prainha - Brazil,3198
2244,Barra do Mampituba,3199
2245,Praia dos Molhes,3200
2246,Itapeva,3201
2247,Atlântida Pier,3202
2248,Praia da Cal,3203
2249,Guarita,3204
2250,The Pass,3205
2251,Cidreira,3206
2252,Motels,3207
2253,The Bowl (Tongatapu),3208
2254,Lighthouse (Tongatapu),3209
2255,Praia Grande - Brazil,3210
2256,Corners,3212
2257,Fishtraps,3213
2258,Bonete,3215
2259,Castelhanos,3216
2260,Canto Bravo,3219
2261,Amanave Bay,3220
2262,Capão da Canoa,3221
2263,Poloa Bay,3222
2264,Hideaway,3223
2265,Serua Rights,3224
2266,Daku,3225
2267,Tramandaí,3226
2268,Asili Point,3227
2269,Nu'uuli,3228
2270,Crispim,3229
2271,Chavascal,3230
2272,Vila do Algodoal,3231
2273,Rio Capim,3232
2274,Atalaia,3233
2275,Marieta - Brazil,3234
2276,Rio Claro Rivermouth,3235
2277,Eclipse,3236
2278,Tivives,3237
2279,Puerto Caldera,3238
2280,Boca Barranca,3239
2281,El Coco,3240
2282,Sally Ann's,3241
2283,Casares,3242
2284,Casa Grande,3243
2285,Fatuuli Rock,3244
2286,Coral Heads,3245
2287,Lauli'ituai,3246
2288,Liea Point,3247
2289,Amouli,3248
2290,Aunu'u,3249
2291,Las Velas,3250
2292,Los Naranjos,3251
2293,Viento Fresco,3252
2294,Las Gaviotas,3253
2295,Buritaca,3255
2296,Manzanillo (Rivas Province),3256
2297,Rocky Point,3257
2298,Playa Serena,3258
2299,Playa Malibú,3259
2300,Arrecifes,3260
2301,Punta Burica,3261
2302,P-Land,3262
2303,Nestles,3263
2304,Punta Miramar,3264
2305,Tulate,3265
2306,La Barrita,3266
2307,Monterrico,3267
2308,Tecojate,3268
2309,Las Tunas,3269
2310,Las Lisas,3270
2311,Barra de la Gabina,3271
2312,Lucky Mans,3272
2313,El Camotal,3273
2314,El Cabezo,3274
2315,Playa Mollendo,3275
2316,Punta de Bombón,3276
2317,Playa Platanales,3277
2318,El Olon,3278
2319,El Colegio,3279
2320,Pozo de Lizas,3280
2321,Boca del Rio,3281
2322,Piedras Negras,3282
2323,Caleta Sama,3283
2324,Tiro Alto,3284
2325,ReventazÃ³n,3285
2326,Puemape,3286
2327,Cabo Verde,3287
2328,ColÃ¡n,3288
2329,Pacasmayo,3289
2330,Bermejo,3290
2331,Paraiso,3291
2332,Pasamayo,3292
2333,Centinela,3293
2334,Conchitas,3294
2335,Carquin,3295
2336,Piscina,3296
2337,Pimentel,3297
2338,El Hueco,3298
2339,Baterias,3299
2340,Jericoacoara,3300
2341,Yin Yang,3301
2342,Sliding Rock,3302
2343,Alao,3303
2344,Tula,3304
2345,Vunaniu,3305
2346,Pipes,3306
2347,Waidroka Lefts,3307
2348,Lighthouse,3308
2349,King Kong Left,3309
2350,King Kong Right,3310
2351,Faganeanea,3311
2352,Nua,3312
2353,The Leap,3313
2354,Salailua,3314
2355,Lulu's Bend,3315
2356,Sigatoka,3316
2357,Aganoa Beach,3317
2358,Tea Bags,3318
2359,Thailand - Simeulue,3319
2360,Lolok Point,3320
2361,Treasure Island,3321
2362,Lizards Nest,3322
2363,Turtles,3323
2364,Gunturs,3324
2365,Pulau Babi,3325
2366,Dindos,3326
2367,Cobras,3327
2368,El Valle,3328
2369,El Cantil,3329
2370,Juan Tornillo,3330
2371,Secret Right,3331
2372,Terco,3332
2373,Tribuga,3333
2374,Jurubida,3334
2375,Nuqui,3335
2376,Derecha Secreta,3336
2377,Pela Pela,3337
2378,Termales,3338
2379,El Mystic,3339
2380,Pico De Loro,3340
2381,Silveira,3341
2382,Boca Damas,3342
2383,Quepos Jetty,3343
2384,Quepos Bombie,3344
2385,Playa Matapalo,3345
2386,Playa Dominical,3346
2387,Dominicalito,3347
2388,Punta Dominical,3348
2389,El Muelle,3349
2390,Virac Harbour,3350
2391,Punta Uvita,3351
2392,Rio Sierpe Rivermouth,3352
2393,Playa Hermosa - Osa Peninsula,3353
2394,Playa Ballena,3354
2395,Playitas,3355
2396,Playa El Rey,3356
2397,Drake's Bay,3357
2398,Agua Dulce,3358
2399,Isla Dama,3359
2400,Las Tacas,3360
2401,Curanipe,3361
2402,Tregualemu,3362
2403,Pullay,3363
2404,La Rinconada,3364
2405,Praia Mela,3365
2406,Desembocadura,3366
2407,Playa Sector El Piure,3367
2408,"El Faro - Biobio, Chile",3368
2409,Tirua,3369
2410,Punta Teatinos,3370
2411,Pipe,3371
2412,Derecharcha,3372
2413,Cueva del Toro,3373
2414,Tres Playitas,3374
2415,El Muro,3375
2416,Playa Blanca,3376
2417,Playa Monte del Zorro,3377
2418,Buchupureo,3378
2419,Punta Quidico,3379
2420,Puerto Cayo,3380
2421,Pedarnales,3381
2422,Punta Ballena,3382
2423,Oshima,3383
2424,Nagahama,3384
2425,Yakutsu,3385
2426,Mangkudu Lefts,3386
2427,Toudai-shita,3387
2428,Wara Point,3388
2429,Dedjoeng Wane,3389
2430,Hotel-mae,3390
2431,Takezaki,3391
2432,Ikei,3392
2433,Ko Chan,3393
2434,Cape Toi,3394
2435,Nagata,3395
2436,Osaki,3396
2437,Cannes,3397
2438,Gruissan,3398
2439,Piege a Sable,3399
2440,La Plage Sportive,3400
2441,La Pyramide,3401
2442,Djeno Point,3402
2443,M'Vassa,3403
2444,Zubair's,3404
2445,Castaways,3405
2446,Blue Bowls,3406
2447,Airports,3407
2448,Five Islands,3408
2449,Two Ways,3409
2450,Love Charms,3410
2451,Antiques,3411
2452,Furana,3412
2453,Kadu,3413
2454,Koodhoo,3414
2455,Viligili,3415
2456,Thundi Beach,3416
2457,KH,3417
2458,Inside Farms,3418
2459,Machines Lefts,3419
2460,Finnimas,3420
2461,Machine,3421
2462,Malik's,3422
2463,Mundoo,3423
2464,Machines Rights,3424
2465,Adonis,3425
2466,Isdhoo Bank,3426
2467,Bowling Alley,3427
2468,Outside Farms,3428
2469,Mada's,3429
2470,Gaukendi Bridge,3430
2471,Approach Lights,3431
2472,Madihera,3432
2473,Shangri-la,3433
2474,Kanda Muli,3434
2475,Air Equator Lefts,3435
2476,Kottey,3436
2477,Pinheiro,3437
2478,Da Hua Jiao,3438
2479,Xichong - Dongchong,3439
2480,Jici Beach,3440
2481,Fongbin,3441
2482,Fulong Beach,3442
2483,Dao Ao Bay,3443
2484,Rivermouth Bridge,3444
2485,Yab-J Rihue Bay,3445
2486,Shalun,3446
2487,Jin Shan,3447
2488,West Bay,3448
2489,Sanshuei,3449
2490,Bashien Dong,3450
2491,Chu Nan,3451
2492,Cheng Gong,3452
2493,Kani Rock,3453
2494,Sandalwood,3454
2495,West Beach,3455
2496,Buddha Beach,3456
2497,Moon Bay,3457
2498,Golf 14,3458
2499,Yarakawa,3459
2500,Xing Tan Wan,3460
2501,Kame Rock,3461
2502,Niuling,3462
2503,Abalone Farm,3463
2504,Pinghai Point,3464
2505,Cherry Point,3465
2506,88,3466
2507,Non Nuoc,3467
2508,Nam O Point,3468
2509,My Khe,3469
2510,China Beach,3470
2511,Cue Dai Beach,3471
2512,Lang Co,3472
2513,Binh An,3473
2514,Karon Beach,3474
2515,Kata Beach,3475
2516,Kata Noi Beach,3476
2517,Nai Harn Beach,3477
2518,Teluk Mengkuang,3478
2519,The Quarry,3479
2520,Baluk Beach,3480
2521,Strawberry Resort,3481
2522,Kijal,3482
2523,Star Jetty Cruise,3483
2524,Pantai Kemasik,3484
2525,Teluk Cempedak,3485
2526,Kertih Resort,3486
2527,Tanjong Jara,3487
2528,Marang,3488
2529,Pantai Juara,3489
2530,Kanthaya,3490
2531,Chaungtha,3491
2532,Gottaung Beach,3492
2533,Peninsula Left,3493
2534,Gigaro,3494
2535,Beauvallon,3495
2536,Galiote,3496
2537,La Tour,3497
2538,St-Laurent du Var,3498
2539,Villefranche Sur Mer,3499
2540,Eze,3500
2541,Farinole,3501
2542,Ostriconi,3502
2543,Algajola,3503
2544,Lumio,3504
2545,Sagone,3505
2546,Capo di Feno,3506
2547,Route des Sanguinaires,3507
2548,Le Ruppione,3508
2549,Figari,3509
2550,Pinarellu,3510
2551,Canet Plage,3511
2552,Sète,3512
2553,Palavas-les-Flots,3513
2554,Carnon,3514
2555,Saintes-Maries,3515
2556,La Couronne,3516
2557,La Corniche,3517
2558,Le Rouet,3518
2559,Le Prado,3519
2560,Cassis,3520
2561,La Ciotat,3521
2562,Cap Saint-Louis,3522
2563,Bandol,3523
2564,La Coudoulière,3524
2565,Les Sablettes,3525
2566,Pin Rolland,3526
2567,La Mojonera - Murcia,3527
2568,La Manga del Mar Menor,3528
2569,La Mata - Valenciana,3529
2570,Masnou,3530
2571,Platja de San Juan - Valenciana,3531
2572,Los Alamos - Andalucia,3532
2573,Faro de Calaburra - Andalucia,3533
2574,Montgat,3534
2575,Barceloneta,3535
2576,Sitges,3536
2577,Playa de Levante - Valencia,3537
2578,Jucar,3538
2579,Playa Cueva del Lobo,3539
2580,Playa de los Genoveses,3540
2581,Sagunto,3541
2582,Playa del Dedo - Andalucia,3542
2583,Playa de Carchuna/Calahonda,3543
2584,Playa de la Carihuela - Andalucia,3544
2585,Cala Nova - Ibiza,3545
2586,Playa Jondal - Ibiza,3546
2587,Aguas Blancas - Ibiza,3547
2588,Can Pujols - Ibiza,3548
2589,Platja Migjorn - Formentera,3549
2590,Platja de Cavalleria - Menorca,3550
2591,Aucanada - Mallorca,3551
2592,Punta Prima - Menorca,3552
2593,Son Bou - Menorca,3553
2594,Sant Tomas - Menorca,3554
2595,Cala Major,3555
2596,Puerto de Soller,3556
2597,Paguera - Mallorca,3557
2598,Cero,3558
2599,Canyamel,3559
2600,Cala Agulla,3560
2601,Cala Mesquida,3561
2602,Louro,3562
2603,San Remo - Tre Ponti,3563
2604,Bistrot,3564
2605,Molo,3565
2606,Varazze,3567
2607,Arenzano,3568
2608,Capo Marina,3569
2609,Entella,3570
2610,Levanto,3571
2611,Lerici - La Venere,3572
2612,Punta Sabbioni,3573
2613,Pontile,3574
2614,Marina Di Ravenna - La Diga,3575
2615,Adria,3576
2616,Lamone,3577
2617,Il Trabucco,3578
2618,Tito Del Molo,3579
2619,Forte Dei Marmi - Pontile,3580
2620,Livorno - Bagni Fiume,3581
2621,Livorno - Il Sale,3582
2622,Garagolo,3583
2623,Lillatro,3584
2624,Baratti - Il Dado,3585
2625,Ansedonia - La Sinistra,3586
2626,Elba Island - Laconella,3587
2627,Elba Island - Margidore,3588
2628,Fiorenzuola,3589
2629,Il Molo,3590
2630,La Nave,3591
2631,Il Sasso,3592
2632,Il Pescatore,3593
2633,Acquabella,3594
2634,Vasto,3595
2635,Il Porto,3596
2636,La Roccetta,3597
2637,Il Bunker,3598
2638,Banzai,3599
2639,Lido di Ostia,3600
2640,Lido Garda,3601
2641,Santa Agostino,3602
2642,Serapo,3603
2643,Capolinea,3604
2644,Irno,3605
2645,Le Dune,3606
2646,Il Parcheggio,3607
2647,Alimini - La Nave,3608
2648,Torre Dell'Orso,3609
2649,Capo Torre Cavallo,3610
2650,Tombino,3611
2651,Melma,3612
2652,Trabucco,3613
2653,Ristorante,3615
2654,Il Castello,3616
2655,Marinaretti,3617
2656,La Chiesa,3618
2657,Artiglieria,3619
2658,L'Ideale,3620
2659,Rena Majore,3621
2660,Marinedda,3622
2661,Silver Rock,3623
2662,Porto Ferro,3624
2663,La Speranza,3625
2664,S' Archittu,3626
2665,Sa Mesa Longa,3627
2666,Capo Mannu,3628
2667,Mini Capo,3629
2668,Piscinas,3630
2669,Buggerru - Il Molo,3631
2670,Goroneddu,3632
2671,Maresciallo,3633
2672,Pipeline,3634
2673,Chia - Il Pontile,3635
2674,Su Conventeddu,3636
2675,Poetto,3637
2676,Racca Point,3638
2677,Porto Giunco,3639
2678,Lungomare,3640
2679,Santa Lucia,3641
2680,Il Moletto,3642
2681,Isola delle Femmine,3643
2682,Magaggiari,3644
2683,Ciammarita,3645
2684,Faro,3646
2685,"San Marco, Ciminiera",3647
2686,Il Reef,3648
2687,Marina di Modica,3649
2688,Catania - La Playa,3650
2689,Giardini Naxos,3651
2690,Ponte Di Ferro,3652
2691,La Spiaggia,3653
2692,Bova,3654
2693,Le Serre,3655
2694,Spartivento,3656
2695,Condojanni,3657
2696,Hilton,3658
2697,Hazuk Beach,3659
2698,Dolphinarium,3660
2699,Topsea,3661
2700,Bat Yam,3662
2701,Hof Maravi,3663
2702,Camp Lejeune,3664
2703,Lips,3665
2704,Cafe Breaks,3666
2705,Meacoms Pier,3667
2706,Aluhi Bay,3668
2707,Messanges,3669
2708,Paradise Island ,3670
2709,Haifa - The Peak ,3671
2710,Laniakea,3672
2711,Sunset Blvd,3673
2712,Chicala,3674
2713,Shipwreck,3675
2714,Lavadouro,3676
2715,Ecolodge,3677
2716,Corblets Bay,3678
2717,Princeton Jetty,3679
2718,Balevullin,3680
2719,Cape Sorell,3681
2720,Namotu Left,3682
2721,Belmar,3683
2722,Staffin Bay,3684
2723,Talisker Bay,3685
2724,Glenbrittle,3686
2725,Anse Gaulette,3687
2726,Police Bay,3689
2727,Anse Bougainville,3690
2728,Pointe Camille,3691
2729,La Passe,3692
2730,Carana,3693
2731,Frégate Island,3694
2732,Anse aux Poules Bleues,3695
2733,Grande Anse (La Digue),3696
2734,Grande Anse,3697
2735,Northeast Point,3698
2736,Anse Intendance,3699
2737,Barbarons,3700
2738,Ballybunion ,3701
2739,Surf Beach,3702
2740,Wave Buoy 41025,3703
2741,Wave Buoy 46047,3704
2742,"Baler, Luzon",3705
2743,"San Juan, La Union",3706
2744,Del Mar,3707
2745,Burkes Beach,3708
2746,Zhujiajian,3709
2747,Scarborough Beach,3710
2748,Paal 17 - Texel,3711
2749,Peniscola,3712
2750,Playa Pedasi,3713
2751,Red Strand (Dirk Bay),3714
2752,Ownahincha,3716
2753,Inchydoney,3717
2754,Lynmouth,3718
2755,Solis Grande,3719
2756,San Francisco - Uruguay,3720
2757,Los Dedos,3721
2758,La Boya,3722
2759,El Desplayado,3723
2760,Bajos Del Polonio,3724
2761,Playa del Barco,3725
2762,La Aguada,3726
2763,La Barra de Maldonado,3727
2764,El Emir,3728
2765,Barra del Chuy,3729
2766,La Moza,3730
2767,El Pepe,3731
2768,Zanja Honda,3732
2769,La Viuda,3733
2770,Monterey Bay Offshore,3734
2771,Punta Negra,3735
2772,Punta Colorada,3736
2773,Zorba,3737
2774,La Posta del Cangrejo,3738
2775,Jose Ignacio,3739
2776,Monte hermoso (el espigon),3740
2777,Florida Keys Reef,3741
2778,Waddell Creek,3742
2779,Poppit Sands,3743
2780,Imperial Beach,3745
2781,Caracas,3746
2782,Benone Strand,3747
2783,Nacho,3748
2784,Culdaff,3749
2785,Cerro Azul,3750
2786,Storvika,3751
2787,Lop camping,3752
2788,Empire Public Beach,3753
2789,Northern Rights,3754
2790,Yo-yo's - The Hook,3755
2791,Sejorong,3756
2792,Yo-yo's - The Wedge,3757
2793,Tropical,3758
2794,Portsea,3760
2795,Quebramar,3761
2796,Varkala,3762
2797,Santa Cruz,3763
2798,Bracklesham Bay,3764
2799,West Wittering,3765
2800,Skallelv,3766
2801,Baishawan,3767
2802,Salamansa,3768
2803,Sydney - Shark Island,3769
2804,Jensen Beach,3770
2805,Bethune,3771
2806,North Jetty (Florida),3772
2807,Ponte Vedra,3773
2808,Little Talbot Island,3774
2809,Fort Pierce North Jetty,3775
2810,Stuart Public Beach,3776
2811,Juno Pier,3777
2812,Palm Beach Jetties,3778
2813,Hobe Sound,3779
2814,Setters,3780
2815,Bikini Beach (Gordon's Bay),3781
2816,Cassino Beach,3782
2817,Beit Yanai,3783
2818,Praia Da Areia Branca,3784
2819,Popham Beach,3785
2820,Talafofo Bay,3786
2821,Seines,3787
2822,Galhetas,3788
2823,Praia do Tombo,3789
2824,Playa Kanoa,3790
2825,Boca Sint Joris,3791
2826,Klein,3792
2827,Boca Pistol,3793
2828,Noordhoek,3796
2829,Bolsa Chica,3797
2830,Koh Phayam,3798
2831,Kovalam / Covelong,3799
2832,Port Huron,3800
2833,Lexington,3801
2834,Lakeport,3802
2835,Port Austin,3803
2836,Kota Belud,3804
2837,Nexus Beach,3805
2838,Tanjung Aru Beach,3806
2839,Northern Kudat,3807
2840,Shabandar Forest Park,3808
2841,Molhe Leste,3809
2842,Deception Island,3810
2843,Ashqelon,3811
2844,Ocean Shores,3813
2845,Pohoiki,3814
2846,Honoli'i,3815
2847,Vila Nova,3816
2848,Contendas,3817
2849,Santa Iria,3818
2850,Faja Dos Vimes,3819
2851,Santa Catarina,3820
2852,Monte Verde,3821
2853,Ponta do Queimado,3822
2854,Porto Martins- Ponta Negra,3823
2855,Quatro Ribeiras,3824
2856,Praia da Vitoria,3825
2857,Sao Fernando,3826
2858,Terreiro,3827
2859,Pescadore,3828
2860,Salga,3829
2861,Santa Barbara,3830
2862,Rabo de Peixe,3831
2863,Mosteiros Right,3832
2864,Mosteiros Left,3833
2865,Praia dos Mosteiros,3834
2866,Santa Clara,3835
2867,Populo,3836
2868,Santa Cruz/Lagoa,3837
2869,Vila Franca,3838
2870,Ponta Garca,3839
2871,Ribeira Quente Left,3840
2872,Ribeira Quente Right,3841
2873,Agua de Alto,3842
2874,Lago do Linho,3843
2875,Esquerda da Igreja,3844
2876,Feiticeiras,3845
2877,Direita do Passe,3846
2878,Faja do Belo,3847
2879,Faja dos Cubres,3848
2880,Cardoso,3849
2881,Prainha do Farol de Santa Marta,3850
2882,Ribanceira,3851
2883,Praia da Ferrugem,3852
2884,Bravanesia,3853
2885,Flamingo,3854
2886,Praia do Estaleiro,3855
2887,Balneário Camboriú,3856
2888,Praia do Buraco,3857
2889,Praia dos Amores,3858
2890,Praia dos Amores,3859
2891,Prainha São Francisco Do Sul,3860
2892,Praia Grande - São Francisco do Sul,3861
2893,Guaratuba,3862
2894,Monduba,3863
2895,São Pedro,3864
2896,Praia do Guaeca,3865
2897,Praia da Baleia,3866
2898,Sapê,3867
2899,Praia Grande,3868
2900,São Pedro,3869
2901,Ubatuba,3870
2902,Vermelha do Norte,3871
2903,Itamambuca,3872
2904,Félix,3873
2905,Grumari,3874
2906,Prainha,3875
2907,Reserva beach,3876
2908,Barra,3877
2909,Canal de Itaipu,3878
2910,Praia do Forte,3879
2911,Costa Azul,3880
2912,Barra do Una ,3881
2913,Praia do Pecado,3882
2914,Laje do Pecado,3883
2915,Grussai,3884
2916,Praia Brava,3885
2917,Itajai,3886
2918,Praia do Ule,3887
2919,Barra do Jucu,3888
2920,Regencia,3889
2921,Setiba,3890
2922,Cupe,3891
2923,Mar dos Macacos,3892
2924,Cabedelo - Paraíba,3893
2925,Tabatinga,3894
2926,Xoxoline,3895
2927,Ponta Negra,3896
2928,Farol da Barra,3897
2929,Barravento,3898
2930,Corrente,3899
2931,Praia Azul,3901
2932,Ouddorp,3902
2933,Brora Beach,3903
2934,Sandside Bay,3904
2935,Melvich,3905
2936,Strathy,3906
2937,Armadale Bay,3907
2938,Torrisdale,3908
2939,Sandwood Bay,3909
2940,Quendale Bay,3910
2941,Pearly Beach,3911
2942,Spiders,3912
2943,Martins Bay,3913
2944,Mason Bay - Stewart Island,3914
2945,Porpoise Bay,3915
2946,Walohiu,3916
2947,Passe Jimmy.,3917
2948,Popenguine,3918
2949,Hotels,3919
2950,Cabo Ledo,3920
2951,South Myanmar,3921
2952,The Rock - Myanmar,3922
2953,Ngwe Saung,3923
2954,Gwa,3924
2955,Løkken,3925
2956,Thorsminde,3926
2957,Agger,3927
2958,Grape bay,3928
2959,Hungry bay,3929
2960,Southlands,3930
2961,Tucks,3931
2962,Sea Island Jetty,3932
2963,Shipwreck,3933
2964,Cruz Roja,3934
2965,Generosa,3935
2966,Broadstairs - Viking Bay,3937
2967,St Bees,3938
2968,Blackpool South,3939
2969,Camber sands,3940
2970,Hornsea,3941
2971,Caswell Bay,3942
2972,Port Mansfield Jetties,3943
2973,61st Street,3944
2974,Isla Blanca State Park,3945
2975,Boca Chica,3946
2976,Matagorda,3947
2977,Fish Pass Jetties,3948
2978,Horace Caldwell Pier,3949
2979,JP Luby Surf Park,3950
2980,Flagship,3951
2981,Quintana,3952
2982,Surfside,3953
2983,37th Street,3954
2984,Siracusa South,3955
2985,Papeari,3956
2986,Magics ,3957
2987,Pine Trees,3958
2988,El Bajo - Las Palmas,3959
2989,Puerto Cayo,3960
2990,San Lorenzo,3961
2991,El Pelado,3962
2992,Mal Paso,3963
2993,Punta Carnero,3964
2994,La Chueca,3965
2995,El Barco - Salinas,3966
2996,Coito,3967
2997,Las Tunas,3968
2998,Puerto Lopez,3969
2999,Santa Marianita,3970
3000,La Cabuya,3971
3001,Muisne,3972
3002,Estero de platano,3973
3003,Tonsupa,3974
3004,Palmahim,3975
3005,Rishon Lezion,3976
3006,Zikim,3977
3007,Tel Baruch North,3978
3008,Marina - Herzelia ,3979
3009,Gazebbo Beach Club,3980
3010,Zvulun Herzelia ,3981
3011,Sdot Yam,3982
3012,Caesarea,3983
3013,Maagan Michael,3984
3014,Calais,3985
3015,Sidna Ali,3986
3016,Backdoor Haifa,3987
3017,Breidavik,3988
3018,Hirano beach,3989
3019,Cap Gris-Nez,3990
3020,Wimereux,3991
3021,Torre Archirafi,3992
3022,Baga and Calungute,3993
3023,Gokarna,3994
3024,Kapu Beach Lighthouse,3995
3025,Maravanthe,3996
3026,Bhatkal,3997
3027,Mulki,3998
3028,Murdeshwara,3999
3029,Mahe,4000
3030,"Payyambalam Beach, Kannur",4001
3031,Tamania (Cap 8),4002
3032,Untouchables,4003
3033,Mutsure,4004
3034,Padma,4005
3035,Ketewel,4008
3036,Balian,4009
3037,Padangbai,4010
3038,Pantai Air Manis,4011
3039,Bengkulu Point,4012
3040,Crane Bay,4013
3041,"Kashima, Ibaraki",4014
3042,Katagai,4015
3043,Onjuku,4016
3044,Barahona,4017
3045,Tortuga Bay,4018
3046,La Loberia,4019
3047,El Faro,4020
3048,Miller's Rights,4021
3049,Pero Lefts,4022
3050,Pero Rights,4023
3051,Pulau Dana,4024
3052,Raijua,4025
3053,Wainjapu,4026
3054,Wainjapu,4027
3055,Tanjung Kucur,4028
3056,Parangtritis,4029
3057,Auroville,4030
3058,Big Rock - Fisherman's Cove,4031
3059,Puri,4032
3060,Mahabalipuram Shore Temple,4033
3061,Fontana,4034
3062,Palmeira,4035
3063,Ponta Brava,4036
3064,Boa Vista Bahia,4037
3065,Sabi Sabi - São Nicolau,4038
3066,Goldenwest,4039
3067,Strands Point,4040
3068,Agate/Pearl Street,4041
3069,Dadonghai Bay,4042
3070,Yalong Bay,4043
3071,Houhai Bay,4044
3072,Puerto Morelos,4045
3073,T'ooster,4046
3074,Middelkerke,4047
3075,De Panne,4048
3076,Weisse Düne,4049
3077,Avon,4050
3078,Island Beach State Park,4052
3079,Jenkinsons,4053
3080,Margate Pier,4054
3081,Monmouth Beach,4055
3082,Poverty Beach,4056
3083,Block Island,4057
3084,Weekapaug,4058
3085,East Beach,4059
3086,Bay City,4060
3087,Forester/Sanilac,4061
3088,North Chicago,4062
3089,Aramoana Spit,4063
3090,Blue Duck Stream,4064
3091,Clarence River,4065
3092,Elliot Bay,4066
3093,Frentzes Reef,4067
3094,Gore Bay,4068
3095,Henderson Bay,4069
3096,Horseshoe Bay,4070
3097,Hickory Bay,4071
3098,Kahutara,4072
3099,Karitane,4073
3100,Loisells,4074
3101,Magnet Bay,4075
3102,Makorori Point,4076
3103,Murderers,4077
3104,Muriwai Beach,4078
3105,Orewa Beach,4079
3106,Pataua Bar,4080
3107,North Makorori,4081
3108,Motunau Beach,4082
3109,Shelter Cove,4083
3110,Cinnamon Bay,4084
3111,Brewers Bay,4085
3112,Yacht Harbour,4086
3113,Tills,4087
3114,Bettys,4088
3115,Puraran Majestic,4089
3116,Gubat Sorsogon ,4090
3117,Coal Point,4091
3118,Eaglehawk Neck,4092
3119,Roaring Beach,4093
3120,Tessos,4094
3121,The Neck,4095
3122,Park Beach,4096
3123,Boat Harbour Beach,4097
3124,Robbos Point,4098
3125,Tam O'Shanter,4099
3126,Boa,4100
3127,N'Dana,4101
3128,Do'o,4102
3129,Ndao,4103
3130,Peanuts,4104
3131,Savu Left,4105
3132,T-Land,4106
3133,Savu Right,4107
3134,La Digue,4108
3135,L'Étang-Salé,4109
3136,Manapany,4110
3137,"Batu Buruk, KT",4111
3138,Tungku Beach,4112
3139,Chempedak Bay,4113
3140,Kuala Rompin,4114
3141,Pakar,4115
3142,Chincoteague,4116
3143,Fenwick,4117
3144,Belongas,4119
3145,Gili Air,4121
3146,Gili Trawangan,4122
3147,Don-Don,4123
3148,Inside Ekas,4125
3149,Inside Grupuk,4126
3150,Mawi,4128
3151,Outside Grupuk,4129
3152,Senggigi,4130
3153,Segar,4131
3154,Sereweh,4132
3155,Bauang,4135
3156,Charlie's Point,4136
3157,Car-rille,4137
3158,Cemento,4138
3159,Avalon Point,4139
3160,Barra de Balizas,4140
3161,Elliston,4141
3162,Pennington Bay,4142
3163,Bahia Tortugas,4143
3164,Cabo Colonet,4144
3165,Calafia,4145
3166,K55/Campo Lopez,4146
3167,"K38, K38.5, K39",4147
3168,Nine Palms,4148
3169,Las Gaviotas - Baja,4149
3170,K58/La Fonda,4150
3171,Open Doors,4151
3172,Punta Camalú,4152
3173,San Antonio del Mar,4153
3174,Santo Tomas,4154
3175,Quatro Casas,4155
3176,Salsipuedes,4156
3177,Scorpion Bay,4157
3178,Shipwrecks,4158
3179,Shipwrecks/Freighters,4159
3180,Folkestone,4160
3181,Pentewan,4161
3182,Trebarwith strand,4162
3183,La Paloma,4163
3184,Playa de los Lances,4164
3185,Playa Hermosa,4165
3186,Dalian Golden Pebble Beach,4166
3187,Dalian Dashan Island,4167
3188,Ders,4168
3189,The Spot,4169
3190,Air Guling,4170
3191,Tangshan  Qianshui Bay ,4171
3192,Tangshan-yuetuo Island,4172
3193,Shilaoren Beach,4173
3194,Laoshan Village,4174
3195,Golden Sand Beach - Huangdao,4175
3196,Silver Sand Beach - Huangdao,4176
3197,Huaniao Island ,4177
3198,Shengsi Jinsha Beach,4178
3199,Shengsi Huichen,4179
3200,Zhujia Island Nansha,4180
3201,Putuoshan Island Qianpu Beach,4181
3202,Tantoushan Island,4182
3203,Jinqimen - Nongcuncun,4183
3204,Hai Ling Dao,4184
3205,Guangdong Maoming Dongbianbo Beach,4185
3206,Fangchenggang,4186
3207,Dapingpo,4187
3208,Lingshui - Xincun Beach ,4188
3209,Linshui - Windmill Bay,4189
3210,Shimei Bay,4190
3211,Riyue Wan - Main Left,4191
3212,San Onofre,4192
3213,Dunes/Surfer's Beach,4193
3214,Amelia Pier,4194
3215,Mayport Poles,4195
3216,Vilano,4196
3217,Canova Beach,4197
3218,Coral Cove Park,4198
3219,Delray Beach,4199
3220,Lantana,4200
3221,Spanish House,4201
3222,Dania Beach Pier,4202
3223,Ormond Beach,4203
3224,Topanga State Beach,4204
3225,Chart House Rights,4205
3226,Latigo Canyon,4206
3227,Palos Verdes Cove,4207
3228,Redondo Beach Breakwater,4208
3229,Birdrock,4209
3230,Horseshoe,4210
3231,Sunset Cliffs,4211
3232,Ocean beach,4212
3233,Point Loma,4213
3234,Windansea Beach,4214
3235,Bolinas Jetty,4215
3236,Stinson Beach,4216
3237,Wilkes Passage,4217
3238,Wells Beach,4218
3239,Ashdod,4219
3240,Halaktirskiy Beach,4220
3241,Bolinas,4221
3242,Arenal de Moris,4222
3243,Vouliagmeni,4223
3244,Cupsogue,4224
3245,Flies,4225
3246,Georgica (East Hampton),4226
3247,Mustafas A frame,4227
3248,Inani Point,4228
3249,Kolatoli Point,4229
3250,St. Martins,4230
3251,Da He Beach,4231
3252,Xiang Bi Ao,4232
3253,Zhujia East Beach,4233
3254,Rizhao Gold Beach,4234
3255,Wan Ping Kou,4235
3256,Jimo Ocean Springs,4236
3257,Cheray Beach,4237
3258,Thotapalli,4238
3259,Rameswaram,4239
3260,Poovar,4240
3261,Mukkam,4241
3262,Chippada,4242
3263,Chintapalli,4243
3264,Yarada,4244
3265,Vattikottai,4245
3266,"Sandy Point - Visag, India",4246
3267,Rutukonda,4247
3268,Egmond Aan Zee,4248
3269,Muskegon,4249
3270,San Gallan,4250
3271,Devereux,4251
3272,Sunset Beach,4252
3273,Panorama Point  ,4253
3274,Chekka,4254
3275,Colonel,4256
3276,Pier and Friends,4257
3277,Edde Sands (Tum Tum Beach),4258
3278,Yours,4259
3279,Ramlet al Bayhda,4260
3280,Surtainville,4261
3281,Faroe Islands,4262
3282,Kabakum Beach,4263
3283,Sunny Day,4264
3284,Obzor,4265
3285,Dos Playas,4266
3286,Wariruri,4267
3287,Urirama,4268
3288,Druif,4269
3289,Dunes/Dooms,4270
3290,Andicuri,4271
3291,Golf Course (Socials),4272
3292,Rutaki Passage,4273
3293,Avana,4274
3294,Matai Wreck,4275
3295,Norrie Park,4276
3296,Avaavaroa Passage,4277
3297,Club Raro,4278
3298,Hosta Rica,4279
3299,Red Stones,4280
3300,Chernishova,4281
3301,Ahlestisheva,4282
3302,Waimea Offshore (51201),4283
3303,Pauwela Maui Offshore (51205),4284
3304,Punta Galea,4285
3305,Jennettes Pier,4286
3306,Lahaina Harbor / Breakwall,4287
3307,Balneario Orense,4288
3308,Shabandar Beach,4289
3309,Playa Morrillo,4290
3310,Karamawi,4291
3311,La Esco,4292
3312,Arambol Beach,4293
3313,Darne,4294
3314,Grotta,4295
3315,Vík,4296
3316,Olafsfjordur,4297
3317,Hofn,4298
3318,Flotskiy,4299
3319,Vik,4300
3320,Asa,4301
3321,Apelviken,4302
3322,Traslovslage,4303
3323,Glommen,4304
3324,Gronhogen,4305
3325,Haga Park,4306
3326,Angjarnsudden,4307
3327,Melbystrand,4308
3328,Tofta,4309
3329,Hogklint,4310
3330,Faro Island,4311
3331,Torö Stenstrand,4312
3332,Kåseberga,4313
3333,Kappelhamnsviken,4314
3334,Vaddo,4315
3335,Mölle,4316
3336,Lillsnäck Point,4317
3337,Sikhjalma,4318
3338,Gouillaud,4319
3339,Le Lizay,4320
3340,Southerndown,4321
3341,Beliche,4323
3342,Zavial,4324
3343,Praia da Luz,4325
3344,Praia Castelejo,4326
3345,Praia da Cordoama,4327
3346,Praia da Bordeira,4328
3347,Amoreira,4329
3348,Monte Clérigo,4330
3349,Monte Clérigo,4331
3350,Carriagem,4332
3351,Zambujeria do Mar,4333
3352,Cogumelo,4334
3353,Porto Covo,4335
3354,São Torpes,4336
3355,Sesimbra,4337
3356,Bicas,4338
3357,Lagoa de Albufeira,4339
3358,Santa Amaro,4340
3359,Praia das Maçás,4341
3360,São Julião,4342
3361,Ribeira d'Ilhas,4343
3362,Coxos,4344
3363,São Lourenço,4345
3364,Consolação,4346
3365,Molho Leste,4347
3366,Belgas,4348
3367,Almagreira,4349
3368,Foz do Arelho,4350
3369,São Pedro do Moel,4351
3370,Leirosa,4352
3371,Torreira,4353
3372,Furadouro,4354
3373,Miramar,4355
3374,Luz (Porto),4356
3375,Perafita,4357
3376,Azurara,4358
3377,Vila do Conde,4359
3378,Póvoa do Varzim,4360
3379,Fão,4361
3380,Esposende,4362
3381,Vila Praia de Âncora,4363
3382,Santa Maria de Oia,4364
3383,La Lanzada,4365
3384,Rio Siera,4366
3385,Nemiña,4367
3386,Malpica,4368
3387,Razo,4369
3388,Caion,4370
3389,Barrañan,4371
3390,Playa del Orzán,4372
3391,Doniños,4373
3392,San Xorxe,4374
3393,Ponzos,4375
3394,Valdoviño,4376
3395,San Anton,4377
3396,Muiñelos,4378
3397,Reinante,4379
3398,San Cosme,4380
3399,Peñarronda,4381
3400,Frejulfe,4382
3401,Otur,4383
3402,Playón de Bayas,4384
3403,Xago,4385
3404,Verdicio,4386
3405,San Lorenzo,4387
3406,Peñarrubia,4388
3407,Playa España,4389
3408,Playa Vega,4390
3409,Ribadesella,4391
3410,San Antolin,4392
3411,Gerra,4393
3412,Oyambre,4394
3413,Liencres,4395
3414,Langre,4396
3415,Berria,4397
3416,Laredo,4398
3417,La Arena,4399
3418,Bakio,4400
3419,Laga,4401
3420,Deba,4402
3421,La Salie,4403
3422,La Côte Sauvage,4404
3423,Les Allassins,4405
3424,Noirmoutier,4406
3425,St jean de monts,4407
3426,Gohaud   ,4409
3427,L'Ermitage,4410
3428,La Courance,4411
3429,Penthièvre,4412
3430,Pavilosta,4413
3431,Liepāja,4414
3432,Užava,4415
3433,Pape,4416
3434,Nida,4417
3435,Ristna,4418
3436,Spoils,4419
3437,Commercial Pier,4420
3438,Hillsboro Inlet,4421
3439,Sand Dollar Beach,4422
3440,Pico Creek,4423
3441,Koeël Bay,4424
3442,Llandudno,4425
3443,Melnrage,4426
3444,Preila,4427
3445,Vääna-Jõesuu,4428
3446,Binz / Rügen,4429
3447,Jack Darling Park,4430
3448,Ashbridges Bay,4431
3449,Bluffers Park,4432
3450,Frenchmans Bay,4433
3451,Sandbanks,4434
3452,Presquile Point,4435
3453,Wolfe Island,4436
3454,Ducks,4437
3455,St.Catharines (Municipal Beach),4438
3456,Lakeside Park Beach,4439
3457,Erikli,4440
3458,Kastro,4441
3459,Şile Merkez,4442
3460,Woody Wille,4443
3461,Kumcağız,4444
3462,Bockoi Plaji,4445
3463,Zeus Temple,4446
3464,Rivermouth Jetties,4447
3465,Yali Restaurant,4448
3466,Hardi,4449
3467,Hotel Turistik,4450
3468,Oluza River,4451
3469,Boat Shed,4452
3470,Farmland,4453
3471,Kalesi Plaji,4454
3472,Gerze,4455
3473,Alanya,4456
3474,Side,4457
3475,Playa Reina,4458
3476,Agate Beach,4459
3477,Bonanza Beach,4460
3478,Antalya,4461
3479,Leba,4462
3480,Dabki,4463
3481,Władysławowo,4464
3482,Kilyos,4465
3483,Suma Beach,4466
3484,Rumeli Feneri,4467
3485,Karaburan,4468
3486,Kemer,4469
3487,Olympos Beach,4470
3488,"Southern Cape, Anapa",4471
3489,Kastro,4472
3490,Lakouvardos,4473
3491,Kalo Nero,4474
3492,Falasarna,4475
3493,Preveli,4476
3494,Palaiochora,4477
3495,Stalibu,4478
3496,Makry Gialos,4479
3497,Zakros,4480
3498,Petras,4481
3499,Crystal Beach,4482
3500,Magic Left,4483
3501,Bengkulu Beach,4484
3502,Liwa,4485
3503,Tavarua - Resturants,4486
3504,Messakti Beach - Ikaria,4487
3505,Şile Resort,4488
3506,Barra do Una,4489
3507,Secret Harbour,4490
3508,Portopalo,4491
3509,Il Reef Dell'Isola,4492
3510,Gaza,4493
3511,Zagka,4494
3512,Fenekounta,4495
3513,Agrili,4496
3514,Methoni,4497
3515,Lygia,4498
3516,Kardamyli,4499
3517,Metochi,4500
3518,Tinos,4501
3519,Xoreuto,4502
3520,Sfinari,4503
3521,Merkourios,4505
3522,Camp,4506
3523,Rizomilos,4507
3524,Marmari,4508
3525,Asprovalta,4509
3526,Arkoudi,4510
3527,Baia Arcile,4511
3528,Nha Trang,4512
3529,Bai Dai,4513
3530,Astaf'eva Bay,4514
3531,Mirrow,4515
3532,Cristo de Salinitas,4516
3533,Negrei,4517
3534,Zelenogradsk,4518
3535,Kasatka Bay,4519
3536,El Espigon,4520
3537,Juquehy,4521
3538,Houcai Bay,4522
3539,White Point,4523
3540,Isla Grande,4524
3541,Plymouth Beach,4525
3542,Gillelje Havn,4526
3543,Raageleje,4527
3544,Hundested Strand,4528
3545,Rødvig,4529
3546,Mehuín,4530
3547,Alaçatı,4531
3548,El Pimental,4532
3549,La Lancha,4533
3550,Mirage Beach,4534
3551,Ashe,4535
3552,Googles,4536
3553,Livorno - Tre Ponti,4537
3554,Dooey Beach,4538
3555,Tullan Strand,4539
3556,Demirciköy,4540
3557,Jeju Island,4541
3558,Busan,4542
3559,Jukdo,4543
3560,Oldhead,4544
3561,Werri Beach,4545
3562,Marbella,4546
3563,Mar de Ajó,4547
3564,Platanias,4548
3565,Strofi,4549
3566,Kissamos,4550
3567,Kalyves,4551
3568,Irakleidis,4552
3569,Theologos,4553
3570,Pili,4554
3571,Dzhemete,4555
3572,Surf Snowdonia,4556
3573,Teriberka,4557
3574,Netanya,4558
3575,Caldera,4559
3576,Chañaral,4560
3577,Taltal,4561
3578,Beacons,4562
3579,Moonlight,4563
3580,Grandview,4564
3581,Faleza,4565
3582,Chałupy,4566
3583,Sobieszewo,4567
3584,Sztutowo,4568
3585,Piaski,4569
3586,Bureh Beach,4570
3587,Ain Diab,4571
3588,Praia da Tocha,4572
3589,Mona Vale,4573
3590,Laguna Beach (Thalia Street),4574
3591,Cortes Bank,4575
3592,Majon Hotel Beach,4576
3593,Pioneers,4577
3594,Gran Pacifica,4578
3595,Bronte Beach,4579
3596,Akbar,4581
3597,Sijung,4582
3598,Kairiru Island,4583
3599,Seol Choix Point,4584
3600,Bus Station,4585
3601,Yablochnoye,4586
3602,Tikhaya Bay,4587
3603,Lesnoye,4588
3604,Rams - Midigama,4589
3605,Lazy Left - Midigama,4590
3606,Skeleton Bay,4591
3607,Rapa Nui,4592
3608,Darya Bozorg,4596
3609,Maahi,4598
3610,Ramin,4599
3611,Kabab,4600
3612,Meygou,4601
3613,Bod,4602
3614,Mars,4603
3615,Beris,4604
3616,Oitylo,4607
3617,Agios Nicholas,4608
3618,Mavrovouni,4609
3619,Agios Theologis,4610
3620,Ammoudia,4611
3621,Calfuco,4612
3622,Machico,4613
3623,Playa Hermosa,4614
3624,Trudniy,4615
3625,Alibi,4616
3626,Shirokaya Balka,4617
3627,880,4619
3628,Lido Beach,4620
3629,Pilune,4621
3630,Chame Banks,4622
3631,Vodi,4623
3632,Praia de Faro,4624
3633,Big Bay,4625
3634,Porto di Andora,4626
3635,Gluhoe,4627
3636,Dillon Beach,4628
3637,Black Point Beach,4629
3638,Caspar Beach,4630
3639,Playa Flamingo,4631
3640,Playa Brasilito,4632
3641,Lagos - Andalucia,4633
3642,Roonagh Pier,4634
3643,Seacliff,4635
3644,China Port,4636
3645,Beach Rock,4637
3646,Furusato,4638
3647,Kunigami,4639
3648,Sokolov Beach,4640
3649,Wanjo Beach,4641
3650,Varkiza Beach,4642
3651,Agios DImitrios,4643
3652,Rafina Beach,4644
3653,Taraso,4645
3654,Les Amiets,4646
3655,Hastings,4647
3656,Playa Grande,4648
3657,Madonna Beach - Limnos,4649
3658,The Bridge,4650
3659,Archaia,4651
3660,Thanos Beach - Limnos,4652
3661,Vasu's,4653
3662,Melby,4654
3663,Gulberwick,4655
3664,Breckon,4656
3665,Playa Escondida,4657
3666,South Georgia,4658
3667,Pandan Beach,4659
3668,Alnes Fyr,4660
3669,Travosa,4661
3670,Jinzun Harbour,4662
3671,Cardiff Reef,4663
3672,Norah Head,4664
3673,Soldiers Beach,4665
3674,Macmasters Beach,4666
3675,Forresters,4667
3676,Grassy Point,4668
3677,Agonda Beach,4669
3678,Curracloe,4670
3679,Arina Beach,4671
3680,Konaki Beach,4672
3681,Kokkinos Pyrgos,4673
3682,Komos Beach,4674
3683,Xerokampos,4675
3684,Almiros,4676
3685,Les Sables-d'Olonne,4677
3686,Walton-on-the-Naze,4678
3687,Somone,4679
3688,Porto Alegre,4680
3689,Santana,4681
3690,North Del Mar,4682
3691,36th St Newport,4683
3692,Chanco,4684
3693,Maqai,4685
3694,Barra De La Cruz,4686
3695,Voulisma,4687
3696,Keratokampos,4688
3697,Skaleta,4689
3698,La Rotonda,4690
3699,Tanjong Beach,4691
3700,Dahican,4692
3701,Playa El Poris,4693
3702,Huachipato,4694
3703,Hornitos,4695
3704,Barrancas,4696
3705,Diamond Head,4697
3706,Manantiales,4698
3707,Pichidangui,4699
3708,Reebs Bay,4700
3709,Point Abino,4701
3710,Port Maitland,4702
3711,Wickaninnish,4703
3712,Los Pellines,4705
3713,Torre Spaccata,4706
3714,Lo Scoglio,4707
3715,Sabbiedoro,4708
3716,Clam Harbour Beach,4709
3717,Górki Zachodnie,4710
3718,Chesterman Beach (North),4711
3719,Rhossili,4712
3720,Kudafaright,4713
3721,Moledo,4714
3722,Muli - F1,4715
3723,Muli - Mushrooms,4716
3724,Screaming Kids,4717
3725,Mauroof,4718
3726,Puerto Viejo,4719
3727,Varese,4720
3728,Bodu Olhu,4721
3729,Porto da Cruz,4722
3730,Fajã da Areia,4723
3731,Recco,4724
3732,Playa de Cuberris,4725
3733,Pippas,4726
3734,51101 Buoy Forecast,4727
3735,Praia Grande (South),4728
3736,Praia Pequena,4729
3737,Killer Point,4730
3738,Paço de Arcos,4731
3739,Gute Beach,4732
3740,Cova do Vapor,4733
3741,Marcelino,4734
3742,Praia do Barbas,4735
3743,Praia do Castelo,4736
3744,Fonte da Telha,4737
3745,Betset,4738
3746,Praia do Norte (Nazaré),4739
3747,Comporta (Praia do Pego),4740
3748,Panga Drops,4741
3749,Cerro,4742
3750,São Torpes Pier,4743
3751,Dromi - Herzlyia Marina,4744
3752,Basse-Pointe le Chaudron,4745
3753,Mar Brava,4746
3754,Brigantine,4747
3755,Dazhougang,4748
3756,Golden Bay,4749
3757,Ghajn Tuffieha,4750
3758,Streedagh Beach,4751
3759,Cowells,4752
3760,Kiriat Yam,4753
3761,Ankobra,4754
3762,Kundu,4755
3763,Tholhendhoo,4756
3764,Tetarti,4757
3765,Chesil Beach,4758
3766,Herne Bay,4759
3767,Dungeness,4760
3768,Amargal,4761
3769,Cala Magre,4762
3770,Paquebote,4763
3771,La Siesta,4764
3772,Les Anglais,4765
3773,Mahaut Hugues,4766
3774,Torbeck,4767
3775,Yene,4768
3776,Pierre de Lisse,4769
3777,La Gauche de Tubab Dialaw,4770
3778,Vacuums,4771
3779,Sunbeach Break,4772
3780,Hikkaduwa,4773
3781,Main Point,4774
3782,Real,4775
3783,Dunamar,4776
3784,Scott Creek,4777
3785,Sa Rapita,4778
3786,Malindi,4779
3787,Tim's Reef,4780
3788,El Ouatia,4781
3789,Dashajiao,4782
3790,Long Hai Tian,4783
3791,Las Penitas,4784
3792,Swanage,4785
3793,Sa Rapita,4786
3794,Torre del Golfo,4787
3795,Tropicana,4788
3796,Radostniy,4789
3797,St. Finian's Bay,4790
3798,Koral,4791
3799,Devereux,4792
3800,Oceanside Harbor,4793
3801,Reenroe Beach,4794
3802,Las Cabanas,4795
3803,Punta Tumatey,4796
3804,Mapalad Beach,4797
3805,Degersand,4798
3806,Muaco,4799
3807,Fjern-z,4800
3808,Buraco,4801
3809,Il Porto,4802
3810,Parkers',4803
3811,Gum Hoi Tan,4804
3812,Mandraki-Elias,4805
3813,Qbajiar Bay ,4806
3814,Ramla Beach,4807
3815,Blixada,4808
3816,Manuela & Coco's point,4809
3817,Voidokilia,4810
3818,Rosamarina di Ostuni,4811
3819,El Barco,4812
3820,Pakala,4813
3821,Mana Point,4814
3822,PKs/Centers,4815
3823,Ha'Ena Bay,4816
3824,Anahola Bay,4817
3825,Kealia,4818
3826,Nantucket,4819
3827,The Boom,4820
3828,Playa Bruha,4821
3829,El Camaron,4822
3830,Praia da Bertioga,4823
3831,Itaguare,4824
3832,Liani Ammos,4825
3833,Davis Beach,4826
3834,Big Ateni,4827
3835,Small Ateni,4828
3836,Club Nàutic Estartit,4829
3837,Sekunyit Left,4830
3838,Jiangkou Bay,4831
3839,Tequila Bomb,4832
3840,Zhenhaijiao,4833
3841,Ghost Stone,4834
3842,Baitang Bay,4835
3843,Feicui Bay,4836
3844,Gold Coast,4837
3845,Crescent Beach,4838
3846,Rajodi Beach,4840
3847,Vaayu Beach,4841
3848,Dream,4842
3849,San Pedro Buoy,4843
3850,Timo Right,4844
3851,Praia do Estaleirinho,4845
3852,Olcott Beach,4847
3853,Hamburg Beach,4848
3854,Khao Takiap Beach,4849
3855,Labrax,4850
3856,Tres Palmas,4851
3857,Indicators,4852
3858,Domes,4853
3859,Pools,4854
3860,Parking Lots,4855
3861,Bridges,4856
3862,Gas Chambers,4857
3863,Wishing Well,4858
3864,Table Top,4859
3865,Carrubo,4860
3866,Harin Left,4861
3867,Chalathat Beach,4862
3868,Samila Beach,4863
3869,Sjøsanden,4864
3870,Pompano Beach Pier,4865
3871,Kadarim,4866
3872,Breezy Point,4867
3873,Laurelton Blvd,4868
3874,Pacific Blvd,4869
3875,West End,4870
3876,Fair Harbor,4871
3877,Davis Park,4872
3878,West Dune Rd. ,4873
3879,K Road,4874
3880,Coopers Beach,4875
3881,Main Beach,4876
3882,Hither Hills State Park,4877
3883,Park Line,4878
3884,Las Terrenas,4879
3885,Nahsbolim,4880
